sample_idx,vacancy_concentration_pred,vacancy_concentration_pred_platt,vacancy_concentration_std,vacancy_concentration_true,dopant_label,vacancy_concentration_pred_per_dopant_platt,_platt_bucket
0,15.722967147827148,15.33933003462116,0.0959212459623813,17.50105857849121,Fe,15.237482515736914,global_fallback
1,16.465595245361328,16.272853600276733,0.0805268928408622,10.127104759216309,Sn,15.870693235297754,per_dopant:Sn
2,15.315812492370606,14.825194426889686,0.1186728969216346,10.079181671142578,Mg,14.913905521823619,per_dopant:Mg
3,15.474220657348631,15.024422347851893,0.0972621753811836,9.973589897155762,Zn,10.668944949715069,per_dopant:Zn
4,17.03860740661621,17.000122081063598,0.0810386575758457,,undoped,17.0262106561876,global_fallback
5,16.861017990112305,16.76389767145594,0.08345907330513,,undoped,16.784762293214023,global_fallback
6,17.29215202331543,17.325422899856022,0.0688799325376749,,undoped,17.37092676510867,global_fallback
7,16.896096420288085,16.820907381154463,0.0820686765015125,,undoped,16.832454490803052,global_fallback
8,17.3423713684082,17.372378688595028,0.0706766091287136,,undoped,17.43920436239436,global_fallback
9,16.678068542480467,16.54091367986205,0.086568146944046,,undoped,16.536026498552204,global_fallback
10,17.035153198242188,17.004477997697602,0.070240569114685,,undoped,17.021514357423314,global_fallback
11,17.15236892700195,17.141450376933342,0.0726336024701595,,undoped,17.180879405076237,global_fallback
12,16.76471061706543,16.64822648759631,0.0611284639686346,,undoped,16.653823986065845,global_fallback
13,17.027132415771483,16.982401311105352,0.0701252575963735,,undoped,17.010609401286604,global_fallback
14,17.444211578369142,17.478282858201453,0.0762085571885109,,undoped,17.577665045829367,global_fallback
15,16.896037292480468,16.808715906048814,0.0917330853641033,,undoped,16.832374101370863,global_fallback
16,16.939920043945314,16.861670683330146,0.0737410504370927,,undoped,16.892036544733475,global_fallback
17,16.957378768920897,16.883530636810523,0.0918523602187633,,undoped,16.915773210171913,global_fallback
18,17.14850425720215,17.123402161310217,0.0728758715093135,,undoped,17.175625048060116,global_fallback
19,17.02419242858887,16.979533487382092,0.0685799002647399,,undoped,17.00661223126161,global_fallback
20,17.0268123626709,16.98215982562619,0.0800333619117736,,undoped,17.010174261069793,global_fallback
21,17.506584548950194,17.582238216383274,0.0894292961806058,,undoped,17.662466561240972,global_fallback
22,17.306044006347655,17.337146476163756,0.0783539801836013,,undoped,17.389814132540913,global_fallback
23,18.34913711547852,18.652965044845303,0.114049220085144,,undoped,18.807990556489735,global_fallback
24,17.320616149902342,17.36229859726219,0.0693010687828064,,undoped,17.409626237764076,global_fallback
25,17.889230728149414,18.05267678930524,0.0970918051898479,,undoped,18.182707549609297,global_fallback
26,17.031478500366212,16.994873803504916,0.0606115601956844,,undoped,17.01651828387319,global_fallback
27,17.286615753173827,17.30649063313494,0.0754055209457874,,undoped,17.36339972104836,global_fallback
28,16.311399269104005,16.089076386650888,0.0958490453660488,,Si,16.171679027736396,per_dopant:Si
29,16.616077041625978,16.456770176325403,0.1069669924676418,,Si,16.540979552569713,per_dopant:Si
30,17.922217178344727,18.09751719272301,0.0970094963908195,17.710962295532227,Si,18.1241545705678,per_dopant:Si
31,17.8978702545166,18.07009047280601,0.1110544100403785,18.0,Si,18.094643616508442,per_dopant:Si
32,18.386808395385746,18.65447653597708,0.1292339399456978,19.301029205322266,Si,18.687286494718332,per_dopant:Si
33,19.50711326599121,20.111392971668717,0.2354807257652282,,Si,20.045210222672853,per_dopant:Si
34,16.745222091674805,16.6182702202269,0.076434963196516,,undoped,16.62732762921661,global_fallback
35,16.55650939941406,16.38652386695344,0.0687364496290683,16.301029205322266,Sn,16.06123297512831,per_dopant:Sn
36,16.64813575744629,16.500567218677148,0.0829814217984676,16.698970794677734,Sn,16.25326536659681,per_dopant:Sn
37,16.686886978149413,16.54939832669954,0.0793104544281959,17.0,Sn,16.334480965947893,per_dopant:Sn
38,16.756751251220702,16.641911340360792,0.0439919013530015,15.0,Sn,16.480903935541082,per_dopant:Sn
39,16.81900978088379,16.718457610331203,0.053285826742649,17.698970794677734,Sn,16.61138663284866,per_dopant:Sn
40,16.704456520080566,16.556122802898237,0.0914708949625492,16.0,Sn,16.37130357056193,per_dopant:Sn
41,17.411131286621092,17.442229274079132,0.1027058832347393,,Sn,17.85236697113373,per_dopant:Sn
42,16.317560768127443,16.08270350360126,0.1263261638581752,,Sn,15.56043955618706,per_dopant:Sn
43,17.215583038330077,17.230672100382158,0.0983061820268631,,Sn,17.442532960776237,per_dopant:Sn
44,16.622444915771485,16.474001720423882,0.0701319955289363,18.0,Sn,16.199421976205624,per_dopant:Sn
45,15.546789932250975,15.179580184509607,0.1349353678524494,,Sn,13.945042305152914,per_dopant:Sn
46,16.371541595458986,16.18563527308559,0.1566004276275635,,Sn,15.673573675981263,per_dopant:Sn
47,16.80563144683838,16.717814224829418,0.1357295572757721,,Sn,16.58334804727375,per_dopant:Sn
48,14.421057891845702,13.707037425158433,0.1621560454368591,,Mg,13.810492571836463,per_dopant:Mg
49,16.511964416503908,16.332814417416948,0.0518041685223579,16.698970794677734,Mg,16.3890021823677,per_dopant:Mg
50,16.455367279052734,16.262030807923207,0.0449600137770175,16.301029205322266,Mg,16.31920649273482,per_dopant:Mg
51,16.179786682128906,15.91694309773698,0.0569749273359775,16.0,Mg,15.979360015016177,per_dopant:Mg
52,17.061072158813477,17.019998827230697,0.0669968329370021,,undoped,17.056753454004145,global_fallback
53,15.953623008728028,15.634755117087613,0.110074345767498,16.698970794677734,Mg,15.70045457446209,per_dopant:Mg
54,15.354715728759766,14.891953773596958,0.1480488985776901,15.301030158996582,Mg,14.961881061488942,per_dopant:Mg
55,15.325470542907714,14.856598857869766,0.131416667997837,13.954242706298828,Mg,14.925815846764138,per_dopant:Mg
56,15.997064971923828,15.67075996695632,0.0753224857151508,,Mg,15.75402728002291,per_dopant:Mg
57,16.87598762512207,16.759292339487406,0.1008544713258743,,Mg,16.837916244669838,per_dopant:Mg
58,16.631611251831053,16.489351713431837,0.0563428845256567,,Mg,16.536550870519186,per_dopant:Mg
59,15.839181327819825,15.499382615470822,0.0753540858626365,,Zn,12.874189245141864,per_dopant:Zn
60,16.57431831359863,16.408449887910177,0.0579704657196998,,Zn,17.316192933245887,per_dopant:Zn
61,16.062332534790038,15.766362092825542,0.08550975471735,,Zn,14.222561730191615,per_dopant:Zn
62,16.231746101379393,15.978927232944477,0.0544453408569097,,Zn,15.246229022359657,per_dopant:Zn
63,16.10685615539551,15.834888055815291,0.1315369524061679,15.698969841003418,Zn,14.491591980013311,per_dopant:Zn
64,16.11861343383789,15.847653344359012,0.105967479199171,15.0,Zn,14.562634350637339,per_dopant:Zn
65,16.489629364013673,16.303487296409795,0.0803284563124179,,Zn,16.804467045859738,per_dopant:Zn
66,17.006769561767577,16.975854228676774,0.1222918942570686,,Zn,19.92924339384348,per_dopant:Zn
67,15.672467231750488,15.228858241958568,0.1894817620515823,,Zn,11.866833277581094,per_dopant:Zn
68,18.340371704101564,18.56976307104788,0.1681925781071186,,Zn,27.98742268465311,per_dopant:Zn
69,16.976325225830077,16.925884981002746,0.0886040762066841,,undoped,16.94153257745251,global_fallback
70,16.612002182006837,16.494227272688352,0.1170303270220756,,B,16.44620349615707,global_fallback
71,17.779933547973634,17.847295669069727,0.1506482101976871,,Sb,18.03410846217162,global_fallback
72,18.31738395690918,18.581665937388333,0.1418241962790489,,Ta,18.76481935683866,global_fallback
73,18.74670829772949,19.11047730629884,0.1780278161168098,,Ta,19.348523393466852,global_fallback
74,16.818208694458008,16.721961254597595,0.0709853872656822,,Ta,16.72655930702675,global_fallback
75,17.611191940307616,17.693507085080864,0.6241729110479355,,Al,17.80468947010238,global_fallback
76,15.37417106628418,14.887817343591417,0.092848177999258,,Cu,14.763263699334104,global_fallback
77,16.762763595581056,16.653720812950326,0.0479854140430688,,Ge,16.651176839860113,global_fallback
78,16.52742729187012,16.36940025159046,0.068397606909275,,Fe,16.331216526921033,global_fallback
79,15.982933044433594,15.71526032845272,0.1171159509569406,,Bi,15.590928916993626,global_fallback
80,17.179502487182617,17.16561547409819,0.0792128749191761,,undoped,17.217769856186663,global_fallback
81,17.23359146118164,17.23778738909429,0.0864138841629028,,undoped,17.291308552827953,global_fallback
82,17.324587249755858,17.357161374255824,0.0956134729087352,,undoped,17.415025295758138,global_fallback
83,17.874450302124025,18.035655185771105,0.1082635968923568,,undoped,18.162612266128235,global_fallback
84,17.4700870513916,17.55704998258119,0.109788379073143,,undoped,17.612845017279422,global_fallback
85,17.05591697692871,17.015732289898516,0.0642738699913025,,undoped,17.049744532800325,global_fallback
86,16.523034286499023,16.342753123200463,0.0708903938531875,16.698970794677734,Mg,16.40265356555156,per_dopant:Mg
87,16.224829864501952,15.968650418619143,0.0972333922982215,16.301029205322266,Mg,16.034907346887838,per_dopant:Mg
88,15.776313018798827,15.40533177017304,0.0973258830606937,16.0,Mg,15.48179558244886,per_dopant:Mg
89,14.49598560333252,13.800202083432756,0.1967651456594467,14.698969841003418,Mg,13.902893557669845,per_dopant:Mg
90,14.231457138061524,13.467365990134022,0.193973359465599,14.477121353149414,Mg,13.576676588180096,per_dopant:Mg
91,14.195361137390137,13.423012393415435,0.2128570228815078,14.301030158996582,Mg,13.532162936548477,per_dopant:Mg
92,16.769998168945314,16.653631929388332,0.0720887530595064,,Mg,16.707209860551863,per_dopant:Mg
93,16.4565128326416,16.26293767905365,0.0558368906378746,,Mg,16.320619191439157,per_dopant:Mg
94,16.3212646484375,16.093522353206666,0.0573201760649681,,Mg,16.15383089236195,per_dopant:Mg
95,17.047583770751952,16.99283734849227,0.0825810149312019,,undoped,17.038414809276766,global_fallback
96,17.00615463256836,16.95913580761949,0.0621756948530674,,undoped,16.982088268029223,global_fallback
97,17.4546329498291,17.48711134437347,0.0802395716309547,,undoped,17.591833812912913,global_fallback
98,15.705418586730955,15.33348149524041,0.0944266289472579,,Zn,12.0659390812378,per_dopant:Zn
99,17.15285720825195,17.135607400257232,0.0825768858194351,18.301029205322266,Si,17.1916118439056,per_dopant:Si
100,17.728985214233397,17.79058109015317,0.1056134775280952,,Fe,17.964839740983262,global_fallback
101,17.368576049804688,17.394104974183765,0.08837386444211,,Mg,17.445377157963506,per_dopant:Mg
102,17.255192947387695,17.269788311958973,0.0822720050811767,,undoped,17.32067766493455,global_fallback
103,16.841494750976562,16.740988102848334,0.0391373261809349,,Sn,16.658511092139012,per_dopant:Sn
104,16.97972717285156,16.921257657365842,0.070952633023262,,undoped,16.94615782233157,global_fallback
105,17.53199119567871,17.604378741117493,0.089689552038908,,Sn,18.105667635565208,per_dopant:Sn
106,17.69104766845703,17.80413072206927,0.1044798962771892,,Sn,18.439021437922182,per_dopant:Sn
107,17.43376045227051,17.485087305903665,0.0800843156874179,,Sn,17.89979363841506,per_dopant:Sn
108,17.38758430480957,17.442179677483104,0.1722989693284034,,Sn,17.80301672600513,per_dopant:Sn
109,18.093811798095704,18.354942983167582,0.1938528060913086,,Sn,19.283142722160488,per_dopant:Sn
110,18.505983352661133,18.90436158783203,0.2472855731844902,,Sn,20.14698027958745,per_dopant:Sn
111,18.75706367492676,19.244999520908653,0.2664382606744766,,Sn,20.673199544118194,per_dopant:Sn
112,18.000540924072265,18.20874912609701,0.1314688503742218,,Sn,19.08766372050926,per_dopant:Sn
113,17.736851119995116,17.878514601606454,0.1032576873898506,,undoped,17.975534128671786,global_fallback
114,16.89446907043457,16.80652584861178,0.0581056907773017,,undoped,16.830241966172636,global_fallback
115,17.295451736450197,17.327393028748336,0.0790623813867568,,undoped,17.37541301406627,global_fallback
116,16.628983306884766,16.476083719218202,0.0635243695229292,,undoped,16.46929082244003,global_fallback
117,16.78716163635254,16.67219746245754,0.0670522566884756,,undoped,16.684348112788463,global_fallback
118,17.0933349609375,17.074080390311476,0.0807879745960235,,undoped,17.100617558696523,global_fallback
119,17.132607650756835,17.09661360129789,0.0799294963479042,,undoped,17.154012219555938,global_fallback
120,17.385509490966797,17.411367945810067,0.0995247140526771,,undoped,17.497854417552897,global_fallback
121,16.64224510192871,16.52450240180672,0.1819577202200889,,Al,16.4873213941176,global_fallback
122,16.88255958557129,16.79739205567596,0.0751813679933548,,undoped,16.814049978605432,global_fallback
123,16.93002815246582,16.85413809211828,0.0531960934400558,,undoped,16.87858765204913,global_fallback
124,17.826386642456054,17.975342878264588,0.1036477744579315,,undoped,18.09726551194767,global_fallback
125,17.421793746948243,17.48830208608184,0.0924733832478523,,undoped,17.547186040917072,global_fallback
126,17.20959892272949,17.21806832800751,0.0919757708907127,,undoped,17.258688595811964,global_fallback
127,17.1175895690918,17.09394202233994,0.0875603511929512,,undoped,17.13359382242163,global_fallback
128,16.95945625305176,16.898069198820927,0.0928917407989502,,undoped,16.91859773176996,global_fallback
129,17.132408142089844,17.119024883417605,0.0747010573744773,,undoped,17.153740970052493,global_fallback
130,16.772067642211915,16.655418519978394,0.0888143256306648,,undoped,16.663826505996052,global_fallback
131,17.5554630279541,17.615128421880563,0.0996478261426091,,Sn,18.154860380762013,per_dopant:Sn
132,16.78245964050293,16.66953778837911,0.0632530227303505,,undoped,16.677955337684253,global_fallback
133,17.410158157348633,17.45536937326794,0.0851114034652709,,undoped,17.531366437945426,global_fallback
134,17.650378799438478,17.753157855554633,0.0905851807445287,,undoped,17.857967436624754,global_fallback
135,16.7545223236084,16.648993684912988,0.0518790952861309,,undoped,16.639972108937567,global_fallback
136,17.425964736938475,17.481483835401413,0.073414746671915,,undoped,17.55285686705608,global_fallback
137,17.692977905273438,17.80339601882671,0.1181126225739717,,undoped,17.91588465134663,global_fallback
138,18.238637924194336,18.471367870804848,0.2096981823444366,,undoped,18.657757229691885,global_fallback
139,17.923228454589843,18.110628997374825,0.13454480022192,,undoped,18.228930435834528,global_fallback
140,16.96857452392578,16.86866313599125,0.0884535036981105,,Mg,16.952094571419128,per_dopant:Mg
141,17.359638977050782,17.42091245104108,0.0824674718081951,,undoped,17.462681188442314,global_fallback
142,17.124226760864257,17.11046462347563,0.05101267285645,15.204119682312012,Sn,17.251066609671778,per_dopant:Sn
143,16.98900489807129,16.954130794139683,0.0948140025138855,,Si,16.99300613780505,per_dopant:Si
144,17.877045822143554,18.00604196859214,0.1071824200451374,,Ta,18.166141102880545,global_fallback
145,16.90799903869629,16.827900477060133,0.0465937085449695,,undoped,16.84863714282329,global_fallback
146,17.717140197753906,17.856953391008936,0.1088466584682464,,undoped,17.94873540382922,global_fallback
147,17.096409225463866,17.076634201807266,0.0691117241978645,,undoped,17.10479729052881,global_fallback
148,17.1049015045166,17.088065342605717,0.0786760166287422,,undoped,17.116343287557033,global_fallback
149,16.804396438598634,16.703611902906186,0.0643770460039377,,undoped,16.707780335667586,global_fallback
150,16.93811454772949,16.867670963776618,0.0503464668989181,,undoped,16.889581814523492,global_fallback
151,16.513852691650392,16.33073283711437,0.0450603701174259,16.698970794677734,Zn,16.950834475035492,per_dopant:Zn
152,16.331440925598145,16.103167181443837,0.0435950808227062,16.301029205322266,Zn,15.848626650871608,per_dopant:Zn
153,16.453128814697266,16.259965847058396,0.0566778264939785,,Mg,16.316446014547328,per_dopant:Mg
154,16.950837326049804,16.894546010343717,0.0737447015941143,,undoped,16.906879545764404,global_fallback
155,17.366074752807616,17.409615118650795,0.0831373561173677,,undoped,17.471431189154874,global_fallback
156,17.15869598388672,17.15581687499085,0.061974611878395,,undoped,17.189481592961876,global_fallback
157,16.936387634277345,16.872133016238653,0.0598989825695753,,undoped,16.8872339244621,global_fallback
158,18.052016830444337,18.270156859213305,0.1407950177788734,,Sn,19.19554797582541,per_dopant:Sn
159,17.2429141998291,17.260097041278893,0.0617923337966203,,Sn,17.499814166937714,per_dopant:Sn
160,17.070562744140624,17.041125530216366,0.0565494388341903,,undoped,17.0696567358326,global_fallback
161,16.971419906616212,16.912956188162287,0.0685215719044208,,undoped,16.934863366429877,global_fallback
162,17.275526428222655,17.26262717788706,0.0702838450670242,,undoped,17.34832281270183,global_fallback
163,16.917991638183594,16.83255906161241,0.0623362407088279,,undoped,16.8622229568631,global_fallback
164,16.543971633911134,16.375362920181196,0.0761719696223735,,B,16.353710008688793,global_fallback
165,17.36656837463379,17.39531004729254,0.0782527472823858,,undoped,17.472102311253273,global_fallback
166,17.163048934936523,17.17232049911065,0.0843618668615818,,V,17.195399811095424,global_fallback
167,17.237541580200194,17.254638152283764,0.0784396156668663,,undoped,17.296679085539626,global_fallback
168,16.810593795776366,16.70211027289924,0.0814317740499973,,undoped,16.716206185443905,global_fallback
169,16.922036743164064,16.84075954676414,0.0844423852860927,,undoped,16.86772263130777,global_fallback
170,17.019682693481446,16.95838720826122,0.057070480287075,,undoped,17.00048085147239,global_fallback
171,15.621703720092771,15.183232998851867,0.260428723692894,,Al,15.09980601824687,global_fallback
172,17.006378173828125,16.95358791190575,0.0660085022449493,16.17609214782715,Sn,17.004077135400937,per_dopant:Sn
173,17.025139236450194,16.97630937567695,0.072667434066534,16.698970794677734,Sn,17.043396953400677,per_dopant:Sn
174,17.008290100097657,16.955050471815365,0.0647346913814544,17.301029205322266,Sn,17.008084189503432,per_dopant:Sn
175,17.100912475585936,17.050315726212435,0.0883767500519752,16.0,Sn,17.202204054687325,per_dopant:Sn
176,17.10929145812988,17.087103213410142,0.0634236045181751,,undoped,17.122311813915882,global_fallback
177,17.442598342895508,17.513346660893742,0.0929195575416088,,undoped,17.57547171093437,global_fallback
178,17.466355514526366,17.543056367671163,0.0850533105432987,,undoped,17.6077716661461,global_fallback
179,17.452342224121093,17.52533509841391,0.0843332268297672,,undoped,17.58871937071749,global_fallback
180,17.08668212890625,17.05675773939267,0.0650160476565361,15.698969841003418,Si,17.111400900616356,per_dopant:Si
181,17.068103408813478,17.034436580728794,0.0695487819612026,16.301029205322266,Si,17.088881597602555,per_dopant:Si
182,17.079779815673827,17.048846110186823,0.0719928875565528,17.0,Si,17.103034593228067,per_dopant:Si
183,17.08033676147461,17.048383605192964,0.0683360666036605,18.0,Si,17.10370966832406,per_dopant:Si
184,16.79430809020996,16.69129668554939,0.0789292722940444,16.0,Sn,16.559616325316174,per_dopant:Sn
185,16.813952255249024,16.715445322946216,0.0909696243703365,17.0,Sn,16.600786967387602,per_dopant:Sn
186,16.82212028503418,16.72673474506475,0.0781975768506526,18.0,Sn,16.61790569093959,per_dopant:Sn
187,17.431447982788086,17.490486387483905,0.0779854319989681,,undoped,17.560311819948165,global_fallback
188,17.423460006713867,17.480764417500684,0.0732526630163192,,undoped,17.549451466980287,global_fallback
189,16.901421356201173,16.81879110600959,0.0855743169784545,,undoped,16.839694207473475,global_fallback
190,17.77913818359375,17.923718170142664,0.1183150961995124,15.0,Si,17.950728240787384,per_dopant:Si
191,17.7817684173584,17.926806915061768,0.0945041924715042,17.0,Si,17.95391635228524,per_dopant:Si
192,17.777786636352538,17.92250542958164,0.1156142190098762,18.0,Si,17.94909002772909,per_dopant:Si
193,18.2082462310791,18.441227554855868,0.1333364032208919,19.0,Si,18.47085094562011,per_dopant:Si
194,17.734137344360352,17.84787064098975,0.1253553315997123,20.414974212646484,Sn,18.529329660239686,per_dopant:Sn
195,17.355330657958984,17.383311622840914,0.0932911455631256,,undoped,17.45682365136403,global_fallback
196,17.15262222290039,17.138693718892235,0.062597868591547,,undoped,17.1812237830309,global_fallback
197,17.49556541442871,17.557954104613568,0.0852129057049751,,undoped,17.64748508293008,global_fallback
198,17.280955123901368,17.2917617414156,0.0774000108242034,,undoped,17.35570359985971,global_fallback
199,17.491544723510742,17.5666127927698,0.0916249573230743,,undoped,17.642018601541277,global_fallback
200,17.288807678222657,17.309375942775166,0.1014577001333236,,undoped,17.366379835095803,global_fallback
201,17.747889709472656,17.86816534959208,0.1305154681205749,,undoped,17.99054205769908,global_fallback
202,16.444622421264647,16.24923909590384,0.0556335590779781,16.301029205322266,Mg,16.305955915177364,per_dopant:Mg
203,17.259879684448244,17.27983133033301,0.0808667622506618,,undoped,17.32704969437884,global_fallback
204,16.556125259399415,16.37189298913492,0.0651108652353286,16.0,Sn,16.06042788664443,per_dopant:Sn
205,17.32521743774414,17.377289529656196,0.087951523810625,,undoped,17.415882091512813,global_fallback
206,18.17579803466797,18.42168671956752,0.1174570441246032,,undoped,18.57232089708674,global_fallback
207,17.73035087585449,17.849261818370397,0.1014929011464118,17.477121353149414,Si,17.891593049518995,per_dopant:Si
208,16.88413887023926,16.80187513224218,0.0522791743278503,,undoped,16.816197154407106,global_fallback
209,17.02981643676758,16.992949451187723,0.0641595594584941,,undoped,17.014258562866456,global_fallback
210,17.665721893310547,17.79155824861443,0.1026935562491417,,undoped,17.87882771631535,global_fallback
211,17.70901107788086,17.84637104108483,0.1010231532156467,,undoped,17.937683153507088,global_fallback
212,17.638913345336913,17.75802939622431,0.0895246490836143,,undoped,17.84237914776121,global_fallback
213,17.340570068359376,17.394094028618575,0.0768906351178884,,undoped,17.436755337240864,global_fallback
214,17.345317840576172,17.400822699514286,0.0692324381321668,17.477121353149414,Si,17.42489375331027,per_dopant:Si
215,16.920661544799806,16.840591442210496,0.0799193158745765,,undoped,16.865852928707525,global_fallback
216,16.919303131103515,16.838361408750767,0.0692294664680957,,undoped,16.864006046333184,global_fallback
217,16.91792869567871,16.838053285787595,0.0768965989351272,,undoped,16.862137381015934,global_fallback
218,16.918164443969726,16.838003920268328,0.0831570316106081,,undoped,16.86245790146169,global_fallback
219,16.901665496826173,16.81808420415333,0.0714143045246601,,undoped,16.84002613803219,global_fallback
220,17.730828857421876,17.856571555865123,0.1899637594819068,,Sn,18.522395665780206,per_dopant:Sn
221,18.07532730102539,18.29225706242431,0.1976005226373672,,Sn,19.244402535889453,per_dopant:Sn
222,18.11207656860352,18.34089479329463,0.2063614591956138,18.988000869750977,Sn,19.321422401016715,per_dopant:Sn
223,15.886605072021483,15.554811541404383,0.0991970539093017,,Mg,15.617807936825312,per_dopant:Mg
224,15.549638175964356,15.13274489157563,0.1034789964556694,,Mg,15.202259766848552,per_dopant:Mg
225,17.121631240844728,17.126614477937487,0.0959104090929031,,Si,17.15376278765033,per_dopant:Si
226,17.472459030151366,17.524623271611663,0.0980361580848693,,Ta,17.616069930113916,global_fallback
227,16.271168518066407,16.025476618879445,0.0899116113781929,,Mg,16.092052256115455,per_dopant:Mg
228,17.763778305053712,17.896093318237085,0.1557133674621582,,Sn,18.59145179070096,per_dopant:Sn
229,18.08094787597656,18.298914596990176,0.1570889517664909,,Sn,19.256182251600972,per_dopant:Sn
230,18.151231384277345,18.390524959935306,0.2058473527431488,18.988000869750977,Sn,19.403483862945695,per_dopant:Sn
231,15.873361587524414,15.537107759735909,0.1122780442237854,,Mg,15.601476048407584,per_dopant:Mg
232,15.563677215576172,15.15110148620831,0.1122883982956409,,Mg,15.219572735235609,per_dopant:Mg
233,17.11887893676758,17.123980251791732,0.1201659128069877,,Si,17.150426714487594,per_dopant:Si
234,17.46860008239746,17.52149139962841,0.095293078571558,,Ta,17.610823352720267,global_fallback
235,16.28285369873047,16.039110983710437,0.0807453755289316,,Mg,16.106462441500476,per_dopant:Mg
236,17.76724624633789,17.901910512641997,0.1472478732466697,,Sn,18.598719972832992,per_dopant:Sn
237,18.087490844726563,18.30836903043131,0.1883836954832077,,Sn,19.269895139064257,per_dopant:Sn
238,18.21373786926269,18.46719912892876,0.1732972010970115,18.988000869750977,Sn,19.534486230079,per_dopant:Sn
239,15.861910438537596,15.522159922423333,0.1014415279030799,,Mg,15.587354471299317,per_dopant:Mg
240,15.559699249267576,15.14600275757915,0.1095774039626121,,Mg,15.214667100174392,per_dopant:Mg
241,17.13352394104004,17.141656212266035,0.0966443337500095,,Si,17.168177952850794,per_dopant:Si
242,17.470309448242187,17.521270029687976,0.0929296389222145,,Ta,17.61314738527275,global_fallback
243,16.298586654663087,16.059674982675585,0.0867489844560623,,Mg,16.12586435047914,per_dopant:Mg
244,16.78930549621582,16.682132426017272,0.0420974846929311,16.396793365478516,Sn,16.549131786708816,per_dopant:Sn
245,16.7771053314209,16.6673385221793,0.0382965147495269,16.946216583251953,Sn,16.52356243229821,per_dopant:Sn
246,16.770927810668944,16.659498877221687,0.0458526771515607,17.437721252441406,Sn,16.51061545820887,per_dopant:Sn
247,15.950351333618164,15.63020993606143,0.1152034282684326,15.474210739135742,Mg,15.696419938951685,per_dopant:Mg
248,15.816842079162598,15.462767476878108,0.1146347552537918,15.209832191467283,Mg,15.531776091104486,per_dopant:Mg
249,15.767762184143066,15.400946535624731,0.124094733595848,15.172197341918944,Mg,15.47125067808421,per_dopant:Mg
250,14.958959197998048,14.380862624615052,0.1534874409437179,14.588783264160156,Mg,14.473833410403053,per_dopant:Mg
251,14.911528587341309,14.320828589961089,0.1668127685785293,14.462986946105955,Mg,14.415341897765128,per_dopant:Mg
252,14.87222900390625,14.271742501760652,0.1235410213470458,14.387555122375488,Mg,14.366877582224415,per_dopant:Mg
253,16.346532821655273,16.121172261651214,0.0914707832038402,16.398914337158203,Mg,16.18499164809839,per_dopant:Mg
254,16.329108428955077,16.09887808672962,0.0858578786253929,16.301624298095703,Mg,16.163503856317515,per_dopant:Mg
255,16.23343982696533,15.979595599814177,0.091275206208229,16.15119743347168,Mg,16.04552516776903,per_dopant:Mg
256,17.003050231933592,16.94896897596762,0.0725941188633441,16.630496978759766,Sn,16.997102366847432,per_dopant:Sn
257,17.01283187866211,16.96144789625101,0.0783015117049217,17.021129608154297,Sn,17.017602941726945,per_dopant:Sn
258,17.001491928100585,16.947088739182202,0.070933611690998,17.202388763427734,Sn,16.99383644186565,per_dopant:Sn
259,16.498695373535156,16.312007328244224,0.0399303030222654,16.527008056640625,Zn,16.859247649352497,per_dopant:Zn
260,16.49775924682617,16.31021272514765,0.0411914717406034,16.483699798583984,Zn,16.85359118208953,per_dopant:Zn
261,16.485080337524415,16.29444138175401,0.0435009021311998,16.32918357849121,Zn,16.776979934160195,per_dopant:Zn
262,16.186957931518556,15.926478700855997,0.0579784452915191,16.42275047302246,Mg,15.988203612399733,per_dopant:Mg
263,16.18236846923828,15.921509123637325,0.052468878775835,16.19873809814453,Mg,15.982543879428746,per_dopant:Mg
264,16.11341495513916,15.834508720727698,0.0624823071062564,16.064083099365234,Mg,15.897510284340822,per_dopant:Mg
265,16.80476303100586,16.70431595205914,0.0757175609469413,17.259624481201172,Sn,16.581528003645584,per_dopant:Sn
266,16.81161575317383,16.713449629315658,0.0921966955065727,17.743091583251953,Sn,16.59589007864503,per_dopant:Sn
267,16.807574844360353,16.706994374757215,0.0732029929757118,17.904170989990234,Sn,16.58742105946951,per_dopant:Sn
268,17.07674446105957,17.044814841283983,0.0724778845906257,17.24233627319336,Si,17.099355433954905,per_dopant:Si
269,17.074859619140625,17.042270996824914,0.0696309901773929,17.65757942199707,Si,17.097070813373193,per_dopant:Si
270,17.061613082885742,17.02591608522538,0.0738879285752773,17.94401741027832,Si,17.081014660833223,per_dopant:Si
271,16.60094337463379,16.442164722011626,0.070440924167633,16.59309959411621,Sn,16.154358607393373,per_dopant:Sn
272,16.576796340942384,16.41141551068026,0.072928550094366,16.63372039794922,Sn,16.103750761286467,per_dopant:Sn
273,16.618527603149413,16.464438096205434,0.0688693314790725,16.771270751953125,Sn,16.191211992450935,per_dopant:Sn
274,17.775345611572266,17.91902951072355,0.0960086539387703,18.330102920532227,Si,17.946131256811793,per_dopant:Si
275,17.916436767578126,18.09029871830037,0.1282043322920799,18.84430313110352,Si,18.117148123355758,per_dopant:Si
276,18.299290466308594,18.55533655285347,0.1274108558893203,19.12895393371582,Si,18.58120584146626,per_dopant:Si
277,18.02817497253418,18.225559973849283,0.1147487983107566,18.725364685058597,Si,18.252586220439873,per_dopant:Si
278,18.197493743896484,18.428205328456883,0.1233751267194747,18.9688777923584,Si,18.457817834845617,per_dopant:Si
279,19.03183517456055,19.45842951345253,0.1777520567178726,19.138452529907227,Si,19.46912471714271,per_dopant:Si
