sample_idx,photo_dark_ratio_pred,photo_dark_ratio_pred_platt,photo_dark_ratio_std,photo_dark_ratio_true,dopant_label,method,atmosphere,concentration_at%,doi,element,is_sputter,photo_dark_ratio_pred_rank,photo_dark_ratio_pred_refined,photo_dark_ratio_alpha
0,2.473230123519897,2.2842009677781987,0.1161800477653741,4.0,Fe,RF magnetron sputtering,Ar,2.65,Original CSV,Fe,True,,2.2842009677781987,0.0
1,2.4646119594573976,2.2662713676792303,0.1372586451470852,4.296445846557617,Sn,RF magnetron sputtering,Ar,2.65,Original CSV,Sn,True,3.6736248724326863,2.4931591649343363,0.16121592513094485
2,2.8139012336730955,2.9929478338186004,0.1080456994473934,3.0413928031921387,Mg,RF magnetron sputtering,Ar,2.65,Original CSV,Mg,True,3.730733440474199,3.0806406250090856,0.11885944968213606
3,2.535450077056885,2.4136460418107126,0.1106306256726384,1.2301933765411377,Zn,RF magnetron sputtering,Ar,2.65,Original CSV,Zn,True,3.9136460418107126,2.4136460418901735,5.2973958700262216e-11
4,1.939700508117676,1.174222952072617,0.1187142614275217,,undoped,RF magnetron sputtering,Ar,0.0,DOI:10.3390/cryst13101434,—,True,,1.174222952072617,0.0
5,3.601240110397339,4.630961580094699,0.1641002889722585,,undoped,RF magnetron sputtering+O₂ plasma,O2_plasma,0.0,DOI:10.1016/j.apmt.2025.102851,—,True,,4.630961580094699,0.0
6,2.2368161916732787,1.792355230670553,0.0851153552532196,,undoped,RF magnetron sputtering on Si,N2,0.0,Mohammed ApplSurf 2022,—,True,,1.792355230670553,0.0
7,2.1035658359527587,1.5151354453673096,0.1242231633514165,,undoped,RF magnetron sputtering amorphous,Ar,0.0,DOI:10.1016/j.jallcom.2022.168255,—,True,,1.5151354453673096,0.0
8,2.086211633682251,1.4790310147147596,0.0786639027297496,,undoped,RF magnetron sputtering+O₂ anneal,O2,0.0,DOI:10.1002/advs.202101106,—,True,,1.4790310147147596,0.0
9,3.1103200912475586,3.6096304056008157,0.1090842183679342,,undoped,RF magnetron sputtering+O₂ plasma,O2_plasma,0.0,DOI:10.3390/photonics12111074,—,True,,3.6096304056008157,0.0
10,2.141744542121887,1.594564071806102,0.1495043009519577,,undoped,RF magnetron sputtering,Ar,0.0,DOI:10.1007/s11432-024-4092-3,—,True,,1.594564071806102,0.0
11,2.140912485122681,1.5928330245497349,0.1778884295374155,,undoped,RF magnetron sputtering+N₂,N2,0.0,DOI:10.1016/j.matlet.2023.133506,—,True,,1.5928330245497349,0.0
12,2.168141841888428,1.649482152394302,0.1340429075062275,,undoped,RF magnetron sputtering+vacuum,vacuum,0.0,DOI:10.1016/j.matlet.2023.133506,—,True,,1.649482152394302,0.0
13,2.399950361251831,2.131746590803522,0.1230266653001308,,undoped,RF magnetron sputtering+O₂,O2,0.0,DOI:10.1016/j.matlet.2023.133506,—,True,,2.131746590803522,0.0
14,1.6549230575561524,0.5817596653745145,0.1397908609360456,,undoped,RF magnetron sputtering,Ar+N2,0.0,ε-PMC review 2025 ref,—,True,,0.5817596653745145,0.0
15,2.925451946258545,3.2250227459353265,0.1076144263148307,4.505149841308594,Si,RF magnetron sputtering,Ar,2.34,DOI:10.1016/j.vacuum.2024.113564,Si,True,2.5863875335412887,3.1987744865932513,0.0411005513518099
16,2.685320806503296,2.7254435692223153,0.1199231676757335,2.384819269180298,Si,RF sputtering on FTO/TiO₂,Ar,2.34,DOI:10.1021/acsaelm.3c01332,Si,True,2.5863875335415636,2.7184159659065585,0.05053792366043843
17,2.122641658782959,1.5548216096621528,0.1311029411852359,,undoped,RF magnetron co-sputtering,Ar,0.0,DOI:10.3390/ma17133227,—,True,,1.5548216096621528,0.0
18,2.277103853225708,1.876171418819117,0.1718047469854355,1.9777235984802248,Sn,RF magnetron co-sputtering,Ar,2.1,DOI:10.3390/ma17133227,Sn,True,3.376171418819117,2.132777220613727,0.17107053452974041
19,2.37664008140564,2.0832508795584936,0.1439132750034332,2.008600234985352,Sn,RF magnetron co-sputtering,Ar,3.6,DOI:10.3390/ma17133227,Sn,True,2.654687850934274,2.1655809513663615,0.1440755077671149
20,2.3688932418823243,2.067134020599133,0.1401400834321975,2.004321336746216,Sn,RF magnetron co-sputtering,Ar,4.1,DOI:10.3390/ma17133227,Sn,True,1.6272766372050305,2.015339949367462,0.11775196503923313
21,2.6406490325927736,2.6325064846972714,0.1655469298362732,2.9095559120178223,Sn,RF magnetron sputtering,Ar:O2=1:1,3.0,DOI:10.1016/j.jallcom.2021.162551,Sn,True,1.1325064846972714,2.0937458228032506,0.35917377459601396
22,2.3820127487182616,2.094428408285206,0.1278746332973241,3.033423662185669,Sn,RF magnetron sputtering,Ar,1.0,SSRN:5149855,Sn,True,3.594428408285206,2.0944284083913685,7.077510039919574e-11
23,2.2954571723937987,1.9143544553436231,0.1122384779155254,2.698970079421997,Sn,RF magnetron sputtering,Ar,5.0,SSRN:5149855,Sn,True,0.41435445534362314,1.845160328002345,0.04612941822751877
24,2.2262567043304444,1.7703868179164997,0.1201034449040889,2.0,Sn,RF magnetron sputtering,Ar,8.0,SSRN:5149855,Sn,True,0.27038681791649966,1.7703868178228483,6.243420991585553e-11
25,3.1153577327728272,3.620110932234447,0.1064447283744812,3.939519166946411,Mg,RF magnetron sputtering,Ar,5.0,DOI:10.1016/j.matlet.2017.08.032,Mg,True,4.126944602725533,3.6776072138349893,0.11344211118577181
26,2.471223020553589,2.280025304228238,0.0763866953551769,2.0,Mg,RF magnetron sputtering,Ar,0.48,DOI:10.1016/j.surfcoat.2025.131940,Mg,True,0.7800253042282379,2.280025304168238,3.999999999840001e-11
27,2.529917907714844,2.4021366781848594,0.0922095026820898,3.0,Mg,RF magnetron sputtering,Ar,1.01,DOI:10.1016/j.surfcoat.2025.131940,Mg,True,1.1855214362627855,2.3309232378326348,0.05853406886446526
28,2.6033481121063238,2.554904041439594,0.0686083644628524,1.6989699602127075,Mg,RF magnetron sputtering,Ar,2.18,DOI:10.1016/j.surfcoat.2025.131940,Mg,True,3.4608301690940055,2.6304872666521146,0.08343199616972968
29,2.523356628417969,2.3884863098375564,0.0733174316585063,3.3424227237701416,Mg,RF magnetron sputtering+AlN,Ar,2.0,DOI:10.3390/coatings15111312,Mg,True,2.953231926441568,2.4418924476707105,0.09456671510670811
30,2.663021183013916,2.6790504710377587,0.0873222928494215,2.176091194152832,Zn,RF magnetron sputtering,Ar,3.0,DOI:10.1007/s13391-017-7072-y,Zn,True,4.179050471037758,2.6790504710977587,3.999999999840001e-11
31,2.6230927467346192,2.5959816306358845,0.061551034450531,1.6989699602127075,Zn,RF magnetron sputtering,Ar,0.5,ResearchGate Struct.Opt.Zn,Zn,True,1.0959816306358845,2.5959816305758845,3.999999999840001e-11
32,2.8587689876556395,3.0862926437354123,0.1000486385077238,2.477121353149414,Zn,RF magnetron sputtering,Ar,2.0,ResearchGate Struct.Opt.Zn,Zn,True,1.5862926437354123,3.0148979423930027,0.047596467561606404
33,2.2905325412750246,1.9041090404322536,0.1000997111201286,,undoped,RF magnetron sputtering,Ar:O2=3:1,2.0,DOI:10.1016/j.surfcoat.2025.131891,B,True,,1.9041090404322536,0.0
34,3.028995656967163,3.4404395461151984,0.076009277626872,1.0,B,RF magnetron sputtering,Ar,2.0,DOI:10.1016/j.optmat.2023.114431,Sb,True,,3.4404395461151984,0.0
35,2.4360042095184324,2.2067545712458867,0.0797774836421012,3.204119920730591,Sb,RF magnetron sputtering,Ar:O2=1:1,,DOI:10.1021/acsaelm.3c01332 ref,Bi+Cu,True,0.7067545712458867,2.2067545711858867,3.999999999840001e-11
36,2.6360518455505373,2.622942298560909,0.1852698862552642,,Bi,RF magnetron sputtering on p-Si,Ar,0.0,DOI:10.1021/acsphotonics.8b00174,—,True,1.122942298560909,2.622942298338059,1.4856666046266525e-10
37,2.531115007400513,2.4046271759854343,0.136193985491991,,undoped,RF magnetron sputtering,Ar,4.92,DOI:10.1016/j.matlet.2017.08.032,Mg,True,,2.4046271759854343,0.0
38,3.087656450271606,3.562479989742108,0.0994823351502418,3.698970079421997,Mg,RF magnetron sputtering,Ar,6.88,DOI:10.1016/j.matlet.2017.08.032,Mg,True,5.062479989742108,3.5624799898063606,4.283547955857356e-11
39,3.0773472785949707,3.541032344492699,0.1229376956820487,3.903090000152588,Mg,RF magnetron sputtering,Ar,8.58,DOI:10.1016/j.matlet.2017.08.032,Mg,True,5.041032344492699,3.541032344590823,6.54156752261772e-11
40,3.1224911212921143,3.634951541275288,0.1081782460212707,3.778151273727417,Mg,RF magnetron sputtering,Ar,0.72,DOI:10.1016/j.surfcoat.2025.131940,Mg,True,2.134951541275288,3.5705922687028955,0.04290618171492854
41,2.4701711654663088,2.277836979552561,0.0648683603852987,,Mg,RF magnetron sputtering,Ar,1.45,DOI:10.1016/j.surfcoat.2025.131940,Mg,True,2.3559480019971635,2.2847296531343413,0.08824200946375432
42,2.5300621509552004,2.402436768041332,0.0646072037518024,,Mg,RF magnetron sputtering,Ar,5.0,DOI:10.1007/s13391-017-7072-y,Zn,True,3.902436768041332,2.5441938115109255,0.09450469564639542
43,2.810418176651001,2.9857015318133038,0.0970714647322893,,Zn,RF magnetron sputtering,Ar,5.0,J.Semicond.44(6):062805 2023,Sn,True,4.485701531813303,2.98570153187448,4.0784473213969223e-11
44,2.7744463443756104,2.9108641809752807,0.1935361117124557,0.6989700198173523,Sn,RF magnetron sputtering+N₂,N2,5.0,J.Semicond.44(6):062805 2023,Sn,True,1.4108641809752807,2.9108641807321014,1.6211967126936927e-10
45,2.892814016342163,3.157121389310517,0.18555558770895,3.301029920578003,Sn,RF magnetron sputtering+air,air,5.0,J.Semicond.44(6):062805 2023,Sn,True,1.6571213893105168,2.75677943171172,0.2668946383991977
46,3.110715389251709,3.6104528006124377,0.2729476273059845,2.698970079421997,Sn,RF magnetron sputtering on SiC,Ar,5.0,ACS Omega 2024 review PMC,Al,True,2.1104528006124377,3.27686169967269,0.22239406729316494
47,3.791230583190918,5.026225951380626,0.1640079990029335,3.698970079421997,Al,RF magnetron sputtering+O₂ ann.+post ann.,O2,0.0,DOI:10.1021/acs.jpcc.2c07278,—,True,,5.026225951380626,0.0
48,2.681275987625122,2.7170285536305383,0.1036915257573127,,undoped,RF magnetron sputtering,Ar,0.0,DOI:10.3390/cryst13101434,—,True,,2.7170285536305383,0.0
49,2.1122854471206667,1.533276100398394,0.1330779246985912,,undoped,RF magnetron sputtering,Ar,0.0,DOI:10.3390/cryst13101434,—,True,,1.533276100398394,0.0
50,2.081834101676941,1.46992380838793,0.1613450828939676,,undoped,RF magnetron sputtering (glancing angle),Ar,0.0,DOI:10.1021/acsaelm.3c00502,—,True,,1.46992380838793,0.0
51,2.2718335390090942,1.8652068298864264,0.0984395131468773,,undoped,RF magnetron sputtering+Ag₂O,Ar,0.0,DOI:10.1021/acsami.2c03193,—,True,,1.8652068298864264,0.0
52,2.10047926902771,1.5087140184550933,0.1355599302798509,,undoped,RF magnetron sputtering,Ar,0.0,DOI:10.1364/OE.531784,—,True,,1.5087140184550933,0.0
53,2.1315603733062742,1.5733764878984258,0.1281381618231535,,undoped,RF magnetron sputtering,Ar,1.01,DOI:10.1016/j.surfcoat.2025.131940,Mg,True,,1.5733764878984258,0.0
54,2.5202796459198,2.3820848227802656,0.0488883087411522,,Mg,RF magnetron sputtering,Ar,0.0,Pearton APS Review 2018,—,True,3.8820848227802656,2.3820848228402656,3.999999999840001e-11
55,1.898918128013611,1.0893775301187962,0.1482425082474947,,undoped,RF magnetron sputtering+O₂,O2,0.0,Fang 2020 ApplSurf ref,—,True,,1.0893775301187962,0.0
56,2.218294095993042,1.75382106421316,0.1350313134491443,,undoped,RF magnetron sputtering,Ar,0.0,DOI:10.1016/j.vacuum.2024.113564,—,True,,1.75382106421316,0.0
57,2.3153218984603883,1.9556818879460383,0.1095172971487045,,undoped,RFMS+NiO sputtering,Ar,0.0,PMC:11997563 review,—,True,,1.9556818879460383,0.0
58,2.477204704284668,2.292469856970443,0.0636882685124874,,undoped,RF magnetron sputtering,Ar:O2=1:1,,DOI:10.1016/j.jallcom.2025.179343,B,True,,2.292469856970443,0.0
59,2.864462327957153,3.098137314374448,0.0994890019297599,,B,RF magnetron sputtering+air,air,0.0,Fang et al. 2020 ref,—,True,,3.098137314374448,0.0
60,2.187463760375977,1.6896803047054276,0.1390583679080009,,undoped,RF magnetron co-sputtering,Ar:O2=1:1,,Liu et al. IEEE Sens.J. ref,Al+Ga+Zn,True,,1.6896803047054276,0.0
61,3.2632111072540284,3.9277114673955444,0.0963092695921659,,Al,RF magnetron sputtering on 4H-SiC,Ar:O2=1:1,0.0,DOI:10.1007/s13391-021-00297-6,—,True,,3.9277114673955444,0.0
62,2.4286203384399414,2.1913928474889954,0.0819883577525615,,undoped,RF magnetron sputtering+AlN,Ar,0.0,DOI:10.3390/coatings15111312,—,True,,2.1913928474889954,0.0
63,2.295587396621704,1.914625379442144,0.067738377302885,,undoped,RF magnetron sputtering,Ar,1.01,DOI:10.1016/j.surfcoat.2025.131940,Mg,True,,1.914625379442144,0.0
64,2.5197568416595457,2.380997158255848,0.0501166734844446,3.0,Mg,RF magnetron sputtering,Ar:O2=1:1,0.0,DOI:10.1016/j.vacuum.2017.09.007,—,True,3.880997158255848,2.380997158315848,3.999999999840001e-11
65,2.338660144805908,2.0042357819020817,0.1413880407810211,,undoped,RF magnetron sputtering,Ar,0.0,DOI:10.1109/LED.2022.3173041,—,True,,2.0042357819020817,0.0
66,2.4125272750854494,2.157912144612968,0.0746757235378026,,undoped,RF magnetron sputtering,,5.0,10.1016/j.surfcoat.2018.12.130,V,True,,2.157912144612968,0.0
67,2.0898961782455445,1.4866965000881627,0.1236657306551933,,V,RF magnetron sputtering,,4.92,10.1016/j.matlet.2017.08.052,Mg,True,,1.4866965000881627,0.0
68,3.0323899269104,3.44750113165347,0.0935045599937439,,Mg,RF magnetron sputtering,,6.88,10.1016/j.matlet.2017.08.052,Mg,True,4.947501131653469,3.4475011317134694,3.999999999840001e-11
69,3.0715357780456545,3.5289418481795027,0.0983718454837799,,Mg,RF magnetron sputtering,,8.58,10.1016/j.matlet.2017.08.052,Mg,True,5.028941848179503,3.5289418482423294,4.188449942502295e-11
70,3.090680313110352,3.568770964369611,0.0977355226874351,,Mg,RF magnetron sputtering,O2_plasma,1.91,10.1016/j.mssp.2022.106471,Mg,True,2.068770964369611,3.5687709643075944,4.1344388347030096e-11
71,3.972481441497803,5.403308051868599,0.1654203385114669,,Mg,RF magnetron sputtering,O2_plasma,3.28,10.1016/j.mssp.2022.106471,Mg,True,6.903308051868599,5.403308052046255,1.1843757370495482e-10
72,4.113675880432129,5.6970550504093165,0.176516668498516,,Mg,RF magnetron sputtering,O2_plasma,5.22,10.1016/j.mssp.2022.106471,Mg,True,7.1970550504093165,5.697055050611606,1.3485999392976518e-10
73,4.102955341339111,5.674751578650227,0.1451155334711074,,Mg,RF magnetron sputtering,O2_plasma,1.0,10.1016/j.mssp.2024.108361,Mg,True,4.174751578650227,5.674751578513507,9.114639514802121e-11
74,3.4859034061431884,4.391010127672455,0.2290972933173179,4.309630393981934,Mg,RF magnetron sputtering,O2_plasma,2.0,10.1016/j.mssp.2024.108361,Mg,True,3.231181839808968,3.8665861190488897,0.4521565943089762
75,3.6350259304046633,4.701251056757476,0.2661887347698212,4.309630393981934,Mg,RF magnetron sputtering,O2_plasma,3.0,10.1016/j.mssp.2024.108361,Mg,True,6.201251056757476,4.701251057217502,3.0668394093179414e-10
76,3.6871747016906737,4.809743609002945,0.3073262363672256,4.309630393981934,Mg,RF magnetron sputtering,,0.83,10.1088/1674-4926/37/4/042002,F,True,3.309743609002945,4.208089774079428,0.4011025566156783
77,3.1558863162994384,3.7044283448457622,0.1609679486602545,,F,RF magnetron sputtering,,1.25,10.1088/1674-4926/37/4/042002,F,True,,3.7044283448457622,0.0
78,3.176884174346924,3.748113194077692,0.1695128606632351,,F,RF magnetron sputtering,,1.67,10.1088/1674-4926/37/4/042002,F,True,,3.748113194077692,0.0
79,3.253079128265381,3.90663246145412,0.1367994889616966,,F,RF magnetron sputtering,,2.5,10.1088/1674-4926/37/4/042002,F,True,,3.90663246145412,0.0
80,3.256448173522949,3.9136415684687296,0.1980334678664803,,F,RF magnetron sputtering,,5.0,10.1063/1.4803802,W,True,,3.9136415684687296,0.0
81,2.858652925491333,3.0860511830046184,0.1276627756655216,,W,RF magnetron sputtering,,11.0,10.1063/1.4803802,W,True,1.5860511830046184,3.086051182898807,7.054077989578087e-11
82,2.9944424629211426,3.368553591415987,0.1483944553881883,,W,RF magnetron sputtering,,1.5,10.1016/j.optmat.2019.109223,Ti,True,1.8685535914159872,3.36855359127302,9.531188088805628e-11
83,2.582068848609924,2.5106337441785818,0.0716268699616193,,Ti,RF magnetron sputtering,,5.0,10.1016/j.optmat.2019.109223,Ti,True,2.5863875335415636,2.513139160330225,0.033073146211053166
84,2.660756254196167,2.6743384154699643,0.0832206949591636,,Ti,RF magnetron sputtering,Ar,10.0,10.1007/s11082-022-03851-0,Al,True,2.586387533541564,2.6714296030925553,0.033073146211053166
85,3.1138330459594727,3.61693890804909,0.0784600600600242,,Al,RF magnetron sputtering,,0.5,10.1016/j.optmat.2022.112491,Ta,True,,3.61693890804909,0.0
86,2.561592626571655,2.4680341289912406,0.0317282617092132,,Ta,RF magnetron sputtering,,1.0,10.1016/j.optmat.2022.112491,Ta,True,3.9169339832959165,2.514772833968811,0.032258064516129045
87,2.551099109649658,2.446202963945097,0.027961141988635,,Ta,RF magnetron sputtering,,1.3,10.1016/j.optmat.2022.112491,Ta,True,2.3074960708618164,2.440868083441894,0.038461538461538464
88,2.546275758743286,2.436168256754438,0.030624059215188,,Ta,RF magnetron sputtering,,1.5,10.1016/j.optmat.2022.112491,Ta,True,1.6143488903018712,2.4148222991842414,0.02597402597402598
89,2.5429933071136475,2.42933930285697,0.0337353929877281,,Ta,RF magnetron sputtering,,0.139,10.1007/s40843-025-3509-0,Sn,True,3.92933930285697,2.42933930291697,3.999999999840001e-11
90,2.5796357154846192,2.5055717491170006,0.150213585793972,4.534026145935059,Sn,RF magnetron sputtering,,0.199,10.1007/s40843-025-3509-0,Sn,True,4.005571749117001,2.505571749263495,9.766301294489903e-11
91,2.683591651916504,2.7218461614652054,0.1422298893332481,4.534026145935059,Sn,RF magnetron sputtering,,1.0,10.1007/s40843-025-3509-0,Sn,True,1.565180549294117,2.5575856452331243,0.14201210315551813
92,3.16318826675415,3.7196196374048296,0.1571311727166175,4.534026145935059,Sn,RF magnetron sputtering,,1.14,10.1007/s40843-025-3509-0,Sn,True,2.2196196374048296,3.7196196372445316,1.0686522268022666e-10
93,3.231599521636963,3.8619453617032025,0.1527213722467422,4.534026145935059,Sn,RF magnetron sputtering,,1.39,10.1007/s40843-025-3509-0,Sn,True,2.3619453617032025,3.664657870935315,0.13152499384525818
94,3.276488304138184,3.9553339202569417,0.1832150608301162,4.534026145935059,Sn,RF magnetron sputtering,N2,5.0,10.1088/1674-4926/44/6/062805,Sn,True,2.4553339202569417,3.955333920039007,1.4528943460033415e-10
95,2.249955105781555,1.8196899940827698,0.1710487052798271,6.230448722839356,Sn,RF magnetron sputtering,,0.3,10.1364/OME.8.003506,Sn,True,3.3196899940827698,1.9664976224336064,0.09787175223389105
96,2.0339478969573976,1.3702992834134373,0.1714612171053886,0.3010300099849701,Sn,RF magnetron sputtering,,0.5,10.1364/OME.8.003506,Sn,True,2.8702992834134373,1.591266129437845,0.1473112306829385
97,2.0642194747924805,1.433277579139967,0.1856348857283592,0.3010300099849701,Sn,RF magnetron sputtering,,0.7,10.1364/OME.8.003506,Sn,True,2.933277579139967,1.7459987628606566,0.20848078914712653
98,2.0591773986816406,1.4227878266033103,0.1762631878256798,0.3010300099849701,Sn,RF magnetron sputtering,,0.9,10.1364/OME.8.003506,Sn,True,2.329881271820926,1.61112159905078,0.20762334182922856
99,2.0670859813690186,1.439241183014953,0.1755640044808387,0.3010300099849701,Sn,RF magnetron sputtering,,1.2,10.1364/OME.8.003506,Sn,True,-0.06075881698504704,1.1898487028050528,0.16626165347326685
100,2.0566622734069826,1.4175552515390168,0.1676775217056274,0.3010300099849701,Sn,RF magnetron sputtering,,1.5,10.1364/OME.8.003506,Sn,True,-0.08244474846098315,1.1856625803094956,0.1545951141530141
101,2.0514824390411377,1.4067789007890226,0.1682760566473007,0.3010300099849701,Sn,RF magnetron sputtering,N2,0.82,10.1016/j.mssp.2020.105430,Sn,True,2.9067789007890226,1.7033421870355139,0.1977088574976609
102,2.1239862203598023,1.557618893539138,0.1274564035236835,2.0211892127990723,Sn,RF magnetron sputtering,N2,1.0,10.1016/j.mssp.2020.105430,Sn,True,3.057618893539138,1.844155185707954,0.19102419477921034
103,2.1046995639801027,1.5174941020375532,0.1229790955781936,2.0211892127990723,Sn,RF magnetron sputtering,,7.0,10.1016/j.mtphys.2020.100263,Zn,True,0.017494102037553194,1.5174941019393635,6.545974076922899e-11
104,1.9014312028884888,1.0946058394429818,0.2570649735629559,,Zn,RF magnetron sputtering,,0.69,10.1007/s13391-017-7072-y,Zn,True,-0.2342990279014694,0.8146036073869121,0.21070148731985447
105,2.540140438079834,2.423404071113867,0.0359171371906995,2.4048337936401367,Zn,RF magnetron sputtering,,0.88,10.1007/s13391-017-7072-y,Zn,True,0.9234040711138669,2.370774176847213,0.03508659617776947
106,2.560988473892212,2.4667772237081,0.0454609706997871,2.4048337936401367,Zn,RF magnetron sputtering,,0.96,10.1007/s13391-017-7072-y,Zn,True,0.9667772237081,2.4141473294414455,0.035086596177769484
107,2.571115779876709,2.487846507730206,0.0448497287929058,2.4048337936401367,Zn,RF magnetron sputtering,,1.83,10.1007/s13391-017-7072-y,Zn,True,2.06712719737365,2.4438940319579063,0.10446983223815044
108,2.607633113861084,2.5638187438436177,0.044378138706088,2.4048337936401367,Zn,RF magnetron sputtering,,2.49,10.1007/s13391-017-7072-y,Zn,True,3.796444848269965,2.637960126849402,0.060149126113379345
109,2.638609075546265,2.628262470102316,0.0454825524240732,2.4048337936401367,Zn,RF magnetron sputtering,,3.03,10.1007/s13391-017-7072-y,Zn,True,3.796444848269965,2.6985276192901493,0.060149126113379345
110,2.656771516799927,2.6660483959836943,0.0418458316475153,2.4048337936401367,Zn,RF magnetron sputtering,,13.8,10.1016/j.physb.2011.08.061,Si,True,4.166048395983694,2.6660483960436943,3.999999999840001e-11
111,3.268381118774414,3.9384673822743212,0.1314284324645996,,Si,RF magnetron sputtering,,4.92,10.1016/j.matlet.2017.08.052,Mg,True,2.4384673822743212,3.8230602529417426,0.07693808622171924
112,3.0210057735443114,3.42381704814809,0.0948857225477695,,Mg,RF magnetron sputtering,,6.88,10.1016/j.matlet.2017.08.052,Mg,True,4.92381704814809,3.4238170482080905,3.999999999840001e-11
113,3.0705984115600584,3.5269917105270943,0.0931433770805597,,Mg,RF magnetron sputtering,,8.58,10.1016/j.matlet.2017.08.052,Mg,True,5.026991710527094,3.5269917105870943,3.999999999840001e-11
114,3.1015876293182374,3.5914630152916103,0.0923788551241159,,Mg,RF magnetron sputtering,O2_plasma,1.91,10.1016/j.mssp.2022.106471,Mg,True,2.0914630152916103,3.5914630152316103,3.999999999840001e-11
115,3.989361381530762,5.43842580691372,0.1762698054313659,,Mg,RF magnetron sputtering,O2_plasma,3.28,10.1016/j.mssp.2022.106471,Mg,True,6.93842580691372,5.438425807115445,1.3448304741028168e-10
116,4.078964519500732,5.624840038502198,0.2095882192254066,,Mg,RF magnetron sputtering,O2_plasma,5.22,10.1016/j.mssp.2022.106471,Mg,True,7.124840038502198,5.624840038787389,1.9012771413452886e-10
117,4.106031560897828,5.681151478455385,0.1363119527697563,,Mg,RF magnetron sputtering,O2_plasma,1.0,10.1016/j.mssp.2024.108361,Mg,True,4.181151478455385,5.68115147833475,8.042287054138216e-11
118,3.5279046535491942,4.478391333714281,0.2128092944622039,4.309630393981934,Mg,RF magnetron sputtering,O2_plasma,2.0,10.1016/j.mssp.2024.108361,Mg,True,3.231181839808969,3.9596266857788147,0.4159402654249284
119,3.6435672760009767,4.719020840407264,0.2631270527839661,4.309630393981934,Mg,RF magnetron sputtering,O2_plasma,3.0,10.1016/j.mssp.2024.108361,Mg,True,6.219020840407264,4.719020840856769,2.9966960408835174e-10
120,3.795367908477784,5.034833421293579,0.274060896039009,4.309630393981934,Mg,RF magnetron sputtering,,5.0,10.1088/1674-4926/37/4/042002,F,True,5.240313569803746,5.13761830161682,0.5002180554592894
121,3.2748005867004397,3.9518227201313283,0.1800879161804914,,F,RF magnetron sputtering,,5.0,10.1063/1.4803802,W,True,,3.9518227201313283,0.0
122,2.308171367645264,1.9408056153338245,0.1488098014146089,,W,RF magnetron sputtering,,11.0,10.1063/1.4803802,W,True,0.44080561533382445,1.9408056151900552,9.584617055717671e-11
123,2.416017007827759,2.165172335074431,0.1517198629677295,,W,RF magnetron sputtering,N2,0.2,,Ta,True,0.665172335074431,2.1651723349249834,9.963147847351134e-11
124,2.367030477523804,2.063258645312161,0.1080306872725486,2.3074960708618164,Ta,RF magnetron sputtering,N2,0.5,,Ta,True,3.563258645312161,2.063258645387931,5.0513326508879816e-11
125,2.3922627449035643,2.115752942291017,0.0755519181489944,2.3074960708618164,Ta,RF magnetron sputtering,N2,1.0,,Ta,True,3.615752942291017,2.1622645701979932,0.031007751937984485
126,2.393437719345093,2.118197409779723,0.1063656166195869,2.3074960708618164,Ta,RF magnetron sputtering,N2,1.4,,Ta,True,1.6143488903018712,2.102269026469893,0.03161343676535287
127,2.398070335388184,2.1278353039370317,0.121482179313898,2.3074960708618164,Ta,RF magnetron sputtering,N2,1.5,,Ta,True,1.6143488903018715,2.1068621609371045,0.040844591878197986
128,2.3858745098114014,2.1024625825682226,0.0937425777316093,2.3074960708618164,Ta,RF magnetron sputtering,N2,1.53,,Ta,True,1.6143488903018712,2.089784304847019,0.02597402597402598
129,2.393391227722168,2.1181006866028436,0.0795368686318397,2.3074960708618164,Ta,RF magnetron sputtering,N2,1.79,,Ta,True,0.6181006866028436,2.1181006865428436,3.999999999840001e-11
130,2.390965127944946,2.1130533240218665,0.1046275906264782,2.3074960708618164,Ta,RF magnetron sputtering,,10.0,10.1016/j.mssp.2021.106040,Ta,True,0.6130533240218665,2.113053323950795,4.738099104789392e-11
131,3.262551498413086,3.9263391887229555,0.2290840238332748,,Ta,RF magnetron sputtering,,0.5,10.1016/j.optmat.2022.112491,Ta,True,5.426339188722956,3.926339189063672,2.271440144759091e-10
132,2.5548023223876952,2.45390728739414,0.0337905205786228,,Ta,RF magnetron sputtering,,1.0,10.1016/j.optmat.2022.112491,Ta,True,3.916933983295916,2.501101696939359,0.032258064516129045
133,2.5473052501678466,2.438310055101954,0.0282189112156629,,Ta,RF magnetron sputtering,,1.3,10.1016/j.optmat.2022.112491,Ta,True,2.3074960708618164,2.433278748015795,0.038461538461538464
134,2.549494457244873,2.442864575895508,0.0344216160476207,,Ta,RF magnetron sputtering,,1.5,10.1016/j.optmat.2022.112491,Ta,True,1.6143488903018712,2.421344687958011,0.02597402597402598
135,2.547199392318725,2.438089823868443,0.0339962683618068,,Ta,RF magnetron sputtering,,0.3,10.1364/OME.8.003506,Sn,True,3.938089823868443,2.438089823928443,3.999999999840001e-11
136,1.9411671876907348,1.1772742954942044,0.1379124462604522,0.3010300099849701,Sn,RF magnetron sputtering,,0.5,10.1364/OME.8.003506,Sn,True,2.6772742954942044,1.328072866712079,0.10053238081191644
137,1.9395496129989624,1.1739090233616056,0.1404858469963073,0.3010300099849701,Sn,RF magnetron sputtering,,0.7,10.1364/OME.8.003506,Sn,True,2.6739090233616056,1.3705266242493426,0.13107840059182477
138,1.9182605504989625,1.1296183398310067,0.1165120288729667,0.3010300099849701,Sn,RF magnetron sputtering,,0.9,10.1364/OME.8.003506,Sn,True,2.3298812718205766,1.252918459930575,0.1027275914413056
139,1.8996298789978028,1.090858287554378,0.1234533593058586,0.3010300099849701,Sn,RF magnetron sputtering,,1.2,10.1364/OME.8.003506,Sn,True,-0.40914171244562203,0.956226680062502,0.08975440499458393
140,1.9288485765457155,1.151646125735176,0.1359919294714927,0.3010300099849701,Sn,RF magnetron sputtering,,1.5,10.1364/OME.8.003506,Sn,True,-0.348353874264824,0.9905924117741434,0.10736914264068843
141,1.894432592391968,1.0800456284118325,0.1305082589387893,0.3010300099849701,Sn,RF magnetron sputtering,N2,0.82,10.1016/j.mssp.2020.105430,Sn,True,2.5800456284118325,1.2736830144549602,0.12909159069541842
142,2.6373481273651125,2.625639139138826,0.1136530108749866,2.0211892127990723,Sn,RF magnetron sputtering,N2,1.0,10.1016/j.mssp.2020.105430,Sn,True,3.919387619623884,2.8301490769655144,0.15807549992252956
143,2.626299953460693,2.6026540417916944,0.0794379875063896,2.0211892127990723,Sn,RF magnetron sputtering,,7.0,10.1016/j.mtphys.2020.100263,Zn,True,1.1026540417916944,2.6026540417316943,3.999999999840001e-11
144,1.8697712182998656,1.028739042443426,0.2172078363597393,,Zn,RF magnetron sputtering,,0.69,10.1007/s13391-017-7072-y,Zn,True,-0.2342990279033777,0.8265549067556154,0.16007762587258756
145,2.396370410919189,2.1242987077772812,0.0452282607555389,2.4048337936401367,Zn,RF magnetron sputtering,,0.88,10.1007/s13391-017-7072-y,Zn,True,0.6242987077772812,2.071668813510627,0.03508659617776952
146,2.4100457191467286,2.1527494086425434,0.0452777348458766,2.4048337936401367,Zn,RF magnetron sputtering,,0.96,10.1007/s13391-017-7072-y,Zn,True,0.6527494086425434,2.1001195143758893,0.03508659617776947
147,2.4009214878082275,2.1337669643628323,0.0403950449079275,2.4048337936401367,Zn,RF magnetron sputtering,,1.83,10.1007/s13391-017-7072-y,Zn,True,2.067127197373629,2.126805119085081,0.10446983223815008
148,2.460506105422973,2.25772937191678,0.0489956121891737,2.4048337936401367,Zn,RF magnetron sputtering,,2.49,10.1007/s13391-017-7072-y,Zn,True,3.75772937191678,2.347953061086849,0.060149126113379345
149,2.4952548503875733,2.3300221591784367,0.0389462526887655,2.4048337936401367,Zn,RF magnetron sputtering,,3.03,10.1007/s13391-017-7072-y,Zn,True,3.7964448482699655,2.418226202440124,0.06014912611337931
150,2.5112929821014403,2.36338857990086,0.0429396200925111,2.4048337936401367,Zn,RF magnetron sputtering,,13.8,10.1016/j.physb.2011.08.061,Si,True,3.86338857990086,2.36338857996086,3.999999999840001e-11
151,2.922305774688721,3.2184773149501873,0.1221872076392173,,Si,RF magnetron co-sputtering,Ar,0.0,DOI:10.3390/ma17133227,—,True,2.5863875335412905,3.185379012988404,0.05236329226523682
152,2.1463903903961183,1.604229494867599,0.1369805470108986,,undoped,RF magnetron co-sputtering,Ar,2.1,DOI:10.3390/ma17133227,Sn,True,,1.604229494867599,0.0
153,2.235850524902344,1.7903462158843229,0.1581205308437347,1.9777235984802248,Sn,RF magnetron co-sputtering,Ar,3.6,DOI:10.3390/ma17133227,Sn,True,2.65468785093459,1.9363204305157713,0.1688848583846813
154,2.385375499725342,2.1014244204697152,0.1482536748051643,2.008600234985352,Sn,RF magnetron co-sputtering,Ar,4.1,DOI:10.3390/ma17133227,Sn,True,1.6272766372069407,2.039805017500699,0.129958222191807
155,2.366534757614136,2.0622273282384795,0.1350611269474029,2.004321336746216,Sn,RF magnetron co-sputtering,Ar,0.0,DOI:10.3390/ma17133227,—,True,2.5863875335413855,2.095377422160625,0.06324420203359148
156,2.161544156074524,1.6357560423592576,0.1405684404075145,,undoped,RF magnetron co-sputtering,Ar,2.1,DOI:10.3390/ma17133227,Sn,True,,1.6357560423592576,0.0
157,2.249889755249024,1.8195540360172182,0.1616405606269836,1.9777235984802248,Sn,RF magnetron co-sputtering,Ar,3.6,DOI:10.3390/ma17133227,Sn,True,2.65468785093459,1.9658328703904064,0.17515616271346962
158,2.417257022857666,2.16775211580751,0.1752999946475029,2.008600234985352,Sn,RF magnetron co-sputtering,Ar,4.1,DOI:10.3390/ma17133227,Sn,True,1.6272766371984189,2.0743787083793976,0.1727615981180271
159,2.380956697463989,2.0922313537227946,0.1399163052439689,2.004321336746216,Sn,RF magnetron sputtering,,1.275,10.1007/s13391-017-7072-y,Zn,True,0.5922313537227946,1.9233464735186903,0.11258992013606964
160,2.6319889068603515,2.6144895857309636,0.0448353342711925,2.420069456100464,Zn,RF magnetron sputtering,,1.86,10.1007/s13391-017-7072-y,Zn,True,2.0671271973736416,2.5573067288458007,0.1044698322381503
161,2.4846352100372315,2.3079286015139897,0.037712600082159,2.352834463119507,Zn,RF magnetron sputtering,,2.445,10.1007/s13391-017-7072-y,Zn,True,3.796444848269965,2.397461552961929,0.060149126113379345
162,2.487420558929444,2.313723361443286,0.0514684494584798,2.44235634803772,Zn,RF magnetron sputtering,,0.45175,10.1007/s40843-025-3509-0,Sn,True,0.8137233614432859,2.313723361383286,3.999999999840001e-11
163,2.857960700988769,3.084611049303325,0.1674329400062561,4.581054210662842,Sn,RF magnetron sputtering,,0.7645,10.1007/s40843-025-3509-0,Sn,True,4.325947494841455,3.298876025573136,0.17260830215689432
164,3.0591755390167235,3.503227073975944,0.1700614288449287,4.436474323272705,Sn,RF magnetron sputtering,,1.0772499999999998,10.1007/s40843-025-3509-0,Sn,True,2.003227073975944,3.232393139785303,0.18055595612709371
165,3.17238073348999,3.738744041547221,0.1757466882467269,4.468916893005371,Sn,RF magnetron sputtering,N2,0.865,10.1016/j.mssp.2020.105430,Sn,True,4.752096941947,3.986363316851704,0.24435640851947404
166,2.0040956497192384,1.308193381140732,0.1288981333374977,2.027581214904785,Sn,RF magnetron sputtering,N2,0.91,10.1016/j.mssp.2020.105430,Sn,True,2.808193381140732,1.5637694365367383,0.1703840369306709
167,2.029294514656067,1.3606181862371227,0.1037094198167324,2.005377054214477,Sn,RF magnetron sputtering,N2,0.955,10.1016/j.mssp.2020.105430,Sn,True,2.8606181862371227,1.56449471165454,0.13591768361161155
168,2.047213578224182,1.3978977786879452,0.1361168056726455,2.020349264144897,Sn,RF magnetron sputtering,O2_plasma,1.5,10.1016/j.mssp.2024.108361,Mg,True,2.1231327580935346,1.6135618723579408,0.29737133452492365
169,3.518084716796875,4.45796151389542,0.2315294757485389,4.266977787017822,Mg,RF magnetron sputtering,O2_plasma,2.0,10.1016/j.mssp.2024.108361,Mg,True,3.2311818398089684,3.8968403989312232,0.45739355388492864
170,3.613972330093384,4.6574502389165495,0.2408182650804519,4.353600025177002,Mg,RF magnetron sputtering,O2_plasma,2.5,10.1016/j.mssp.2024.108361,Mg,True,3.9005034094377784,4.326892048254679,0.43669935296444834
171,3.70591025352478,4.848721858846288,0.2534786432981491,4.348519802093506,Mg,RF magnetron sputtering,,0.6,10.1364/OME.8.003506,Sn,True,3.3487218588462877,4.848721858429144,2.7809580605795307e-10
172,1.8992638111114504,1.0900967041401177,0.1325139194726944,0.3043315410614013,Sn,RF magnetron sputtering,,0.8999999999999999,10.1364/OME.8.003506,Sn,True,2.3298812718204385,1.250020159199744,0.1289929389578129
173,1.919833302497864,1.1328903609007681,0.1311061695218086,0.3573920428752899,Sn,RF magnetron sputtering,,1.2,10.1364/OME.8.003506,Sn,True,-0.3671096390992319,0.9827721566479152,0.10007880283523535
174,1.9073115587234497,1.106839585261219,0.1195430681109428,0.3244054615497589,Sn,RF magnetron sputtering,Ar,5.835,DOI:10.1016/j.matlet.2017.08.032,Mg,True,-0.39316041473878105,1.0260193936350817,0.05388012775075819
175,2.9425060749053955,3.260502890483156,0.1225320279598236,3.848856210708618,Mg,RF magnetron sputtering,Ar,6.75,DOI:10.1016/j.matlet.2017.08.032,Mg,True,4.760502890483156,3.3420848127161507,0.05438794815532953
176,2.926796579360962,3.2278201786171974,0.1140771761536598,3.8495359420776367,Mg,RF magnetron sputtering,Ar,7.665,DOI:10.1016/j.matlet.2017.08.032,Mg,True,4.727820178617197,3.2278201787016867,5.632603956369451e-11
177,2.9115865230560303,3.1961765216790723,0.1207310274243354,3.8489699363708496,Mg,RF magnetron sputtering,Ar,0.905,DOI:10.1016/j.surfcoat.2025.131940,Mg,True,1.6961765216790723,3.1177844062079387,0.05226141031408922
178,2.5447989463806158,2.4330958326404546,0.0549953956156969,2.481855630874634,Mg,RF magnetron sputtering,Ar,1.33,DOI:10.1016/j.surfcoat.2025.131940,Mg,True,2.1678050039450434,2.4088676332931738,0.09132693906692757
179,2.5731168746948243,2.4920096716696176,0.0541181718930602,2.404991388320923,Mg,RF magnetron sputtering,Ar,1.755,DOI:10.1016/j.surfcoat.2025.131940,Mg,True,2.953231926441568,2.53562594523751,0.09456671510670811
180,2.5667479038238525,2.4787593900631912,0.0466058734804391,2.336288928985596,Mg,RF magnetron co-sputtering,Ar,2.6,DOI:10.3390/ma17133227,Sn,True,3.730733440474196,2.599555458485338,0.09648448255176817
181,2.3087867736816405,1.942085932585933,0.1344050243496894,1.9993305206298828,Sn,RF magnetron co-sputtering,Ar,3.1,DOI:10.3390/ma17133227,Sn,True,3.3549542984770233,2.1447292159251443,0.14342686709628805
182,2.334893321990967,1.9963991213064172,0.1721860706806182,2.0398600101470947,Sn,RF magnetron co-sputtering,Ar,3.6,DOI:10.3390/ma17133227,Sn,True,2.6546878509302334,2.1242214924793417,0.19417371955611223
183,2.3579050064086915,2.0442736217477333,0.1430282637476921,2.014178276062012,Sn,RF magnetron sputtering,Ar,0.875,ResearchGate Struct.Opt.Zn,Zn,True,3.5442736217477333,2.044273621880548,8.854324307322512e-11
184,2.7124861240386964,2.781959467090934,0.0734877359122037,2.0470378398895264,Zn,RF magnetron sputtering,Ar,1.25,ResearchGate Struct.Opt.Zn,Zn,True,1.281959467090934,2.735018880106382,0.031293724656367546
185,2.802597761154175,2.969431602226329,0.0981641113758087,2.2166788578033447,Zn,RF magnetron sputtering,Ar,1.625,ResearchGate Struct.Opt.Zn,Zn,True,1.4866986613896904,2.901371461747129,0.04590181994661575
186,2.832209825515747,3.031037817686786,0.1004574436694383,2.375025510787964,Zn,RF magnetron sputtering,Ar,2.75,SSRN:5149855,Sn,True,4.531037817686785,3.031037817752304,4.3679326828310965e-11
187,2.3651254653930662,2.0592953759383,0.128489338606596,2.701178312301636,Sn,RF magnetron sputtering,Ar,4.5,SSRN:5149855,Sn,True,1.6272766372045924,2.0157133714056523,0.100879893914767
188,2.408852958679199,2.150267938338477,0.1252947878092527,2.3886091709136963,Sn,RF magnetron sputtering,Ar,6.25,SSRN:5149855,Sn,True,0.6502679383384771,2.0619523655042777,0.058877048556133155
