sample_idx,element,n_within,n_cross,sigma_reg,sigma_rank,y_reg,y_rank,y_fused,alpha
1,Sn,16,0,0.2855588034488778,0.651353381000097,2.2662713676792303,3.6736248724326863,2.4931591649343363,0.16121592513094485
2,Mg,12,0,0.22478293166111685,0.6120248660443223,2.9929478338186004,3.730733440474199,3.0806406250090856,0.11885944968213606
3,Zn,4,0,0.2301607236325704,31622.776601683792,2.4136460418107126,3.9136460418107126,2.4136460418901735,5.2973958700262216e-11
15,Si,0,12,0.22388569244123177,1.0814066879348554,3.2250227459353265,2.5863875335412887,3.1987744865932513,0.0411005513518099
16,Si,0,12,0.24949332867583549,1.0814066879348583,2.7254435692223153,2.5863875335415636,2.7184159659065585,0.05053792366043843
18,Sn,17,0,0.3574300032134624,0.7867960801886243,1.876171418819117,3.376171418819117,2.132777220613727,0.17107053452974041
19,Sn,9,0,0.29940338232503955,0.729758815067589,2.0832508795584936,2.654687850934274,2.1655809513663615,0.1440755077671149
20,Sn,8,0,0.2915534718941822,0.7980488675672638,2.067134020599133,1.6272766372050305,2.015339949367462,0.11775196503923313
21,Sn,30,0,0.3444109706024255,0.4600391640889239,2.6325064846972714,1.1325064846972714,2.0937458228032506,0.35917377459601396
22,Sn,16,0,0.26603590059276744,31622.776601683792,2.094428408285206,3.594428408285206,2.0944284083913685,7.077510039919574e-11
23,Sn,10,0,0.2335057687633117,1.0618259944457082,1.9143544553436231,0.41435445534362314,1.845160328002345,0.04612941822751877
24,Sn,17,0,0.2498683851945931,31622.776601683792,1.7703868179164997,0.27038681791649966,1.7703868178228483,6.243420991585553e-11
25,Mg,14,0,0.2214522024130817,0.6190794712989066,3.620110932234447,4.126944602725533,3.6776072138349893,0.11344211118577181
26,Mg,14,0,0.2,31622.776601683792,2.280025304228238,0.7800253042282379,2.280025304168238,3.999999999840001e-11
27,Mg,13,0,0.2,0.8020989410632992,2.4021366781848594,1.1855214362627855,2.3309232378326348,0.05853406886446526
28,Mg,10,0,0.2,0.6628969558727257,2.554904041439594,3.4608301690940055,2.6304872666521146,0.08343199616972968
29,Mg,12,0,0.2,0.6188552388073764,2.3884863098375564,2.953231926441568,2.4418924476707105,0.09456671510670811
30,Zn,4,0,0.2,31622.776601683792,2.6790504710377587,4.179050471037758,2.6790504710977587,3.999999999840001e-11
31,Zn,6,0,0.2,31622.776601683792,2.5959816306358845,1.0959816306358845,2.5959816305758845,3.999999999840001e-11
32,Zn,5,0,0.20814550127855194,0.9310867930268888,3.0862926437354123,1.5862926437354123,3.0148979423930027,0.047596467561606404
35,Sb,0,12,0.2,31622.776601683792,2.2067545712458867,0.7067545712458867,2.2067545711858867,3.999999999840001e-11
36,Bi,0,12,0.38544345951739445,31622.776601683792,2.622942298560909,1.122942298560909,2.622942298338059,1.4856666046266525e-10
38,Mg,11,0,0.2069673393567411,31622.776601683792,3.562479989742108,5.062479989742108,3.5624799898063606,4.283547955857356e-11
39,Mg,12,0,0.25576488271546666,31622.776601683792,3.541032344492699,5.041032344492699,3.541032344590823,6.54156752261772e-11
40,Mg,13,0,0.22505868726832898,1.0629506530829738,3.634951541275288,2.134951541275288,3.5705922687028955,0.04290618171492854
41,Mg,13,0,0.2,0.6428832195686731,2.277836979552561,2.3559480019971635,2.2847296531343413,0.08824200946375432
42,Mg,14,0,0.2,0.619079471298905,2.402436768041332,3.902436768041332,2.5441938115109255,0.09450469564639542
43,Zn,7,0,0.20195166059142122,31622.776601683792,2.9857015318133038,4.485701531813303,2.98570153187448,4.0784473213969223e-11
44,Sn,7,0,0.40264087136758986,31622.776601683792,2.9108641809752807,1.4108641809752807,2.9108641807321014,1.6211967126936927e-10
45,Sn,30,0,0.38603784514003187,0.6397984091763255,3.157121389310517,1.6571213893105168,2.75677943171172,0.2668946383991977
46,Sn,10,0,0.5678520123390739,1.0618259944471622,3.6104528006124377,2.1104528006124377,3.27686169967269,0.22239406729316494
54,Mg,0,12,0.2,31622.776601683792,2.3820848227802656,3.8820848227802656,2.3820848228402656,3.999999999840001e-11
64,Mg,0,12,0.2,31622.776601683792,2.380997158255848,3.880997158255848,2.380997158315848,3.999999999840001e-11
68,Mg,3,0,0.2,31622.776601683792,3.44750113165347,4.947501131653469,3.4475011317134694,3.999999999840001e-11
69,Mg,3,0,0.2046570287744285,31622.776601683792,3.5289418481795027,5.028941848179503,3.5289418482423294,4.188449942502295e-11
70,Mg,3,0,0.20333319539302838,31622.776601683792,3.568770964369611,2.068770964369611,3.5687709643075944,4.1344388347030096e-11
71,Mg,4,0,0.34414760455214893,31622.776601683792,5.403308051868599,6.903308051868599,5.403308052046255,1.1843757370495482e-10
72,Mg,6,0,0.3672328878898953,31622.776601683792,5.6970550504093165,7.1970550504093165,5.697055050611606,1.3485999392976518e-10
73,Mg,6,0,0.30190461267812535,31622.776601683792,5.674751578650227,4.174751578650227,5.674751578513507,9.114639514802121e-11
74,Mg,17,0,0.4766238868449093,0.5246378127338557,4.391010127672455,3.231181839808968,3.8665861190488897,0.4521565943089762
75,Mg,3,0,0.5537905208884034,31622.776601683792,4.701251056757476,6.201251056757476,4.701251057217502,3.0668394093179414e-10
76,Mg,20,0,0.6393747529084918,0.7812751261998337,4.809743609002945,3.309743609002945,4.208089774079428,0.4011025566156783
81,W,0,12,0.26559514284104835,31622.776601683792,3.0860511830046184,1.5860511830046184,3.086051182898807,7.054077989578087e-11
82,W,0,12,0.3087262232094006,31622.776601683792,3.368553591415987,1.8685535914159872,3.36855359127302,9.531188088805628e-11
83,Ti,0,12,0.2,1.0814066879348583,2.5106337441785818,2.5863875335415636,2.513139160330225,0.033073146211053166
84,Ti,0,12,0.2,1.0814066879348583,2.6743384154699643,2.586387533541564,2.6714296030925553,0.033073146211053166
86,Ta,6,0,0.2,1.0954451150103321,2.4680341289912406,3.9169339832959165,2.514772833968811,0.032258064516129045
87,Ta,4,0,0.2,1.0,2.446202963945097,2.3074960708618164,2.440868083441894,0.038461538461538464
88,Ta,3,0,0.2,1.224744871391589,2.436168256754438,1.6143488903018712,2.4148222991842414,0.02597402597402598
89,Ta,7,0,0.2,31622.776601683792,2.42933930285697,3.92933930285697,2.42933930291697,3.999999999840001e-11
90,Sn,21,0,0.3125108205397648,31622.776601683792,2.5055717491170006,4.005571749117001,2.505571749263495,9.766301294489903e-11
91,Sn,13,0,0.2959011941954254,0.7273184743011658,2.7218461614652054,1.565180549294117,2.5575856452331243,0.14201210315551813
92,Sn,14,0,0.3269024666343875,31622.776601683792,3.7196196374048296,2.2196196374048296,3.7196196372445316,1.0686522268022666e-10
93,Sn,14,0,0.31772812760258023,0.8164511038797856,3.8619453617032025,2.3619453617032025,3.664657870935315,0.13152499384525818
94,Sn,7,0,0.3811685121064477,31622.776601683792,3.9553339202569417,2.4553339202569417,3.955333920039007,1.4528943460033415e-10
95,Sn,21,0,0.35585710145139393,1.0803913440949222,1.8196899940827698,3.3196899940827698,1.9664976224336064,0.09787175223389105
96,Sn,20,0,0.3567153088392756,0.8582209079257608,1.3702992834134373,2.8702992834134373,1.591266129437845,0.1473112306829385
97,Sn,19,0,0.386202820158648,0.7525115145455722,1.433277579139967,2.933277579139967,1.7459987628606566,0.20848078914712653
98,Sn,16,0,0.36670553576897813,0.7163829060565166,1.4227878266033103,2.329881271820926,1.61112159905078,0.20762334182922856
99,Sn,12,0,0.3652509245921721,0.8179187511277282,1.439241183014953,-0.06075881698504704,1.1898487028050528,0.16626165347326685
100,Sn,15,0,0.34884354579066756,0.8157652227093258,1.4175552515390168,-0.08244474846098315,1.1856625803094956,0.1545951141530141
101,Sn,30,0,0.3500887636899366,0.7052305341891346,1.4067789007890226,2.9067789007890226,1.7033421870355139,0.1977088574976609
102,Sn,30,0,0.2651657973391653,0.5456838279607307,1.557618893539138,3.057618893539138,1.844155185707954,0.19102419477921034
103,Sn,20,0,0.25585101284441686,31622.776601683792,1.5174941020375532,0.017494102037553194,1.5174941019393635,6.545974076922899e-11
104,Zn,15,0,0.5348090546908182,1.035107828484846,1.0946058394429818,-0.2342990279014694,0.8146036073869121,0.21070148731985447
105,Zn,11,0,0.2,1.0488262445955094,2.423404071113867,0.9234040711138669,2.370774176847213,0.03508659617776947
106,Zn,11,0,0.2,1.0488262445955092,2.4667772237081,0.9667772237081,2.4141473294414455,0.035086596177769484
107,Zn,12,0,0.2,0.5855643889610029,2.487846507730206,2.06712719737365,2.4438940319579063,0.10446983223815044
108,Zn,10,0,0.2,0.7905781542010151,2.5638187438436177,3.796444848269965,2.637960126849402,0.060149126113379345
109,Zn,10,0,0.2,0.7905781542010151,2.628262470102316,3.796444848269965,2.6985276192901493,0.060149126113379345
110,Zn,13,0,0.2,31622.776601683792,2.6660483959836943,4.166048395983694,2.6660483960436943,3.999999999840001e-11
111,Si,2,12,0.2734293776070374,0.9470870541729347,3.9384673822743212,2.4384673822743212,3.8230602529417426,0.07693808622171924
112,Mg,3,0,0.2,31622.776601683792,3.42381704814809,4.92381704814809,3.4238170482080905,3.999999999840001e-11
113,Mg,3,0,0.2,31622.776601683792,3.5269917105270943,5.026991710527094,3.5269917105870943,3.999999999840001e-11
114,Mg,3,0,0.2,31622.776601683792,3.5914630152916103,2.0914630152916103,3.5914630152316103,3.999999999840001e-11
115,Mg,4,0,0.3667193033211742,31622.776601683792,5.43842580691372,6.93842580691372,5.438425807115445,1.3448304741028168e-10
116,Mg,6,0,0.43603636794501144,31622.776601683792,5.624840038502198,7.124840038502198,5.624840038787389,1.9012771413452886e-10
117,Mg,6,0,0.2835892638092105,31622.776601683792,5.681151478455385,4.181151478455385,5.68115147833475,8.042287054138216e-11
118,Mg,17,0,0.44273763174848985,0.5246378127338557,4.478391333714281,3.231181839808969,3.9596266857788147,0.4159402654249284
119,Mg,3,0,0.5474208656766324,31622.776601683792,4.719020840407264,6.219020840407264,4.719020840856769,2.9966960408835174e-10
120,Mg,22,0,0.5701681046112864,0.5699195022727166,5.034833421293579,5.240313569803746,5.13761830161682,0.5002180554592894
122,W,0,12,0.30959032699094974,31622.776601683792,1.9408056153338245,0.44080561533382445,1.9408056151900552,9.584617055717671e-11
123,W,0,12,0.3156445445171479,31622.776601683792,2.165172335074431,0.665172335074431,2.1651723349249834,9.963147847351134e-11
124,Ta,5,0,0.2247516996853003,31622.776601683792,2.063258645312161,3.563258645312161,2.063258645387931,5.0513326508879816e-11
125,Ta,5,0,0.2,1.1180339887498951,2.115752942291017,3.615752942291017,2.1622645701979932,0.031007751937984485
126,Ta,3,0,0.22128761490719348,1.224744871391589,2.118197409779723,1.6143488903018712,2.102269026469893,0.03161343676535287
127,Ta,3,0,0.25273676370668596,1.224744871391589,2.1278353039370317,1.6143488903018715,2.1068621609371045,0.040844591878197986
128,Ta,3,0,0.2,1.224744871391589,2.1024625825682226,1.6143488903018712,2.089784304847019,0.02597402597402598
129,Ta,3,0,0.2,31622.776601683792,2.1181006866028436,0.6181006866028436,2.1181006865428436,3.999999999840001e-11
130,Ta,6,0,0.2176717506938805,31622.776601683792,2.1130533240218665,0.6130533240218665,2.113053323950795,4.738099104789392e-11
131,Ta,6,0,0.476596280438175,31622.776601683792,3.9263391887229555,5.426339188722956,3.926339189063672,2.271440144759091e-10
132,Ta,6,0,0.2,1.0954451150103321,2.45390728739414,3.916933983295916,2.501101696939359,0.032258064516129045
133,Ta,4,0,0.2,1.0,2.438310055101954,2.3074960708618164,2.433278748015795,0.038461538461538464
134,Ta,3,0,0.2,1.224744871391589,2.442864575895508,1.6143488903018712,2.421344687958011,0.02597402597402598
135,Ta,7,0,0.2,31622.776601683792,2.438089823868443,3.938089823868443,2.438089823928443,3.999999999840001e-11
136,Sn,20,0,0.2869189994746113,0.8582209079239967,1.1772742954942044,2.6772742954942044,1.328072866712079,0.10053238081191644
137,Sn,19,0,0.2922728133210017,0.7525115145457212,1.1739090233616056,2.6739090233616056,1.3705266242493426,0.13107840059182477
138,Sn,16,0,0.2423966484348765,0.7163829060564786,1.1296183398310067,2.3298812718205766,1.252918459930575,0.1027275914413056
139,Sn,12,0,0.25683769155194813,0.8179187511277941,1.090858287554378,-0.40914171244562203,0.956226680062502,0.08975440499458393
140,Sn,15,0,0.28292347354128244,0.8157652227092935,1.151646125735176,-0.348353874264824,0.9905924117741434,0.10736914264068843
141,Sn,30,0,0.2715150089294642,0.7052305341897465,1.0800456284118325,2.5800456284118325,1.2736830144549602,0.12909159069541842
142,Sn,30,0,0.2364486241216018,0.5456838279607306,2.625639139138826,3.919387619623884,2.8301490769655144,0.15807549992252956
143,Sn,20,0,0.2,31622.776601683792,2.6026540417916944,1.1026540417916944,2.6026540417316943,3.999999999840001e-11
144,Zn,15,0,0.4518885479609732,1.0351078284857018,1.028739042443426,-0.2342990279033777,0.8265549067556154,0.16007762587258756
145,Zn,11,0,0.2,1.0488262445955088,2.1242987077772812,0.6242987077772812,2.071668813510627,0.03508659617776952
146,Zn,11,0,0.2,1.0488262445955094,2.1527494086425434,0.6527494086425434,2.1001195143758893,0.03508659617776947
147,Zn,12,0,0.2,0.585564388961004,2.1337669643628323,2.067127197373629,2.126805119085081,0.10446983223815008
148,Zn,10,0,0.2,0.7905781542010151,2.25772937191678,3.75772937191678,2.347953061086849,0.060149126113379345
149,Zn,10,0,0.2,0.7905781542010153,2.3300221591784367,3.7964448482699655,2.418226202440124,0.06014912611337931
150,Zn,13,0,0.2,31622.776601683792,2.36338857990086,3.86338857990086,2.36338857996086,3.999999999840001e-11
151,Si,0,12,0.25420353503289284,1.0814066879348554,3.2184773149501873,2.5863875335412905,3.185379012988404,0.05236329226523682
153,Sn,9,0,0.32896076993950363,0.7297588150675992,1.7903462158843229,2.65468785093459,1.9363204305157713,0.1688848583846813
154,Sn,8,0,0.30843333721453964,0.7980488675671141,2.1014244204697152,1.6272766372069407,2.039805017500699,0.129958222191807
155,Sn,0,12,0.2809869918374055,1.0814066879348565,2.0622273282384795,2.5863875335413855,2.095377422160625,0.06324420203359148
157,Sn,9,0,0.33628399167123374,0.7297588150675992,1.8195540360172182,2.65468785093459,1.9658328703904064,0.17515616271346962
158,Sn,8,0,0.3647016671517732,0.7980488675677817,2.16775211580751,1.6272766371984189,2.0743787083793976,0.1727615981180271
159,Sn,13,0,0.2910879141029039,0.8172155037038447,2.0922313537227946,0.5922313537227946,1.9233464735186903,0.11258992013606964
160,Zn,12,0,0.2,0.5855643889610034,2.6144895857309636,2.0671271973736416,2.5573067288458007,0.1044698322381503
161,Zn,10,0,0.2,0.7905781542010151,2.3079286015139897,3.796444848269965,2.397461552961929,0.060149126113379345
162,Zn,14,0,0.2,31622.776601683792,2.313723361443286,0.8137233614432859,2.313723361383286,3.999999999840001e-11
163,Sn,16,0,0.3483347074778376,0.7626433505871856,3.084611049303325,4.325947494841455,3.298876025573136,0.17260830215689432
164,Sn,12,0,0.3538031289885246,0.7537293227534089,3.503227073975944,2.003227073975944,3.232393139785303,0.18055595612709371
165,Sn,30,0,0.3656309877753739,0.6429684024293129,3.738744041547221,4.752096941947,3.986363316851704,0.24435640851947404
166,Sn,30,0,0.26816523420587907,0.5917340655540735,1.308193381140732,2.808193381140732,1.5637694365367383,0.1703840369306709
167,Sn,30,0,0.21576154855315752,0.544018447690479,1.3606181862371227,2.8606181862371227,1.56449471165454,0.13591768361161155
168,Sn,30,0,0.2831832713743605,0.4352922906259452,1.3978977786879452,2.1231327580935346,1.6135618723579408,0.29737133452492365
169,Mg,17,0,0.48168390404152817,0.5246378127338557,4.45796151389542,3.2311818398089684,3.8968403989312232,0.45739355388492864
170,Mg,14,0,0.5010087018658647,0.5690155303021891,4.6574502389165495,3.9005034094377784,4.326892048254679,0.43669935296444834
171,Mg,21,0,0.5273478985786236,31622.776601683792,4.848721858846288,3.3487218588462877,4.848721858429144,2.7809580605795307e-10
172,Sn,16,0,0.275687671580861,0.7163829060564635,1.0900967041401177,2.3298812718204385,1.250020159199744,0.1289929389578129
173,Sn,12,0,0.27275892788606937,0.817918751127795,1.1328903609007681,-0.3671096390992319,0.9827721566479152,0.10007880283523535
174,Sn,14,0,0.2487025531527582,1.0421710803225095,1.106839585261219,-0.39316041473878105,1.0260193936350817,0.05388012775075819
175,Mg,12,0,0.25492091409525847,1.062944597627339,3.260502890483156,4.760502890483156,3.3420848127161507,0.05438794815532953
176,Mg,11,0,0.2373310758557908,31622.776601683792,3.2278201786171974,4.727820178617197,3.2278201787016867,5.632603956369451e-11
177,Mg,12,0,0.25117403492874996,1.06961740648341,3.1961765216790723,1.6961765216790723,3.1177844062079387,0.05226141031408922
178,Mg,14,0,0.2,0.6308620038763189,2.4330958326404546,2.1678050039450434,2.4088676332931738,0.09132693906692757
179,Mg,12,0,0.2,0.6188552388073764,2.4920096716696176,2.953231926441568,2.53562594523751,0.09456671510670811
180,Mg,12,0,0.2,0.6120248660443223,2.4787593900631912,3.730733440474196,2.599555458485338,0.09648448255176817
181,Sn,12,0,0.27962200770440604,0.6833423198824893,1.942085932585933,3.3549542984770233,2.1447292159251443,0.14342686709628805
182,Sn,9,0,0.35822332547018726,0.7297588150674595,1.9963991213064172,2.6546878509302334,2.1242214924793417,0.19417371955611223
183,Sn,16,0,0.2975621667501852,31622.776601683792,2.0442736217477333,3.5442736217477333,2.044273621880548,8.854324307322512e-11
184,Zn,6,0,0.2,1.112749540762923,2.781959467090934,1.281959467090934,2.735018880106382,0.031293724656367546
185,Zn,5,0,0.20422484977947916,0.9310867930268888,2.969431602226329,1.4866986613896904,2.901371461747129,0.04590181994661575
186,Zn,4,0,0.20899599716314868,31622.776601683792,3.031037817686786,4.531037817686785,3.031037817752304,4.3679326828310965e-11
187,Sn,8,0,0.26731476002199506,0.7980488675672982,2.0592953759383,1.6272766372045924,2.0157133714056523,0.100879893914767
188,Sn,14,0,0.2606686788059925,1.0421710803266668,2.150267938338477,0.6502679383384771,2.0619523655042777,0.058877048556133155
