doi,element,conc_at,atmosphere,T_C,method,source,pred_PDR,meas_PDR,pred_dark,meas_dark,pred_VO,meas_VO,meas_VO_log10,pred_n,pred_mu,pred_sigma,pred_Eg,pred_dEg,meas_n,meas_mu,meas_sigma
DOI:10.1016/j.vacuum.2024.113564,Si,2.34,Ar,800.0,RF magnetron sputtering,exp,21.484391704924143,4.505149978319906,0.15491253289182527,32.2,161693192206.28638,,,2.497359356168301e+16,37.83928976214712,0.09767933879441282,4.901446742875102,-9.711657726935402e-05,,,
DOI:10.1016/j.mssp.2024.108428,Si,2.0,air,,Mist-CVD,exp,22.502296516766837,6.510545010206612,0.21956980158563688,,161229700187.20154,,,2048258747509810.2,37.84144835582912,0.008011821488701292,4.902124992869824,-7.842155971288039e-05,,,
DOI:10.1021/acsaelm.3c01332,Si,2.34,Ar,800.0,RF sputtering on FTO/TiO₂,exp,21.484391704924143,2.38481918395196,0.15491253289182527,,161693192206.28638,,,2.497359356168301e+16,37.83928976214712,0.09767933879441282,4.901446742875102,-9.711657726935402e-05,,,
MOCVD-TEOS series,Si,0.00141,N2+O2,800.0,MOCVD,exp,18.78065287719908,,0.21702537476227501,,146313128654.59775,5.140000000000017e+17,17.710963118995277,2260105473342571.0,150.4601416470807,0.035150286480258586,4.90210029758464,-5.857241652902859e-05,,,
MOCVD-TEOS series,Si,0.00275,N2+O2,800.0,MOCVD,exp,19.083652727435584,,0.21604405641745394,,151974610375.69238,1e+18,18.0,2347544742357746.0,130.0867661961751,0.0315664462418837,4.9020906605345,-6.820946666956948e-05,,,
MOCVD-TEOS series,Si,0.0549,N2+O2,800.0,MOCVD,exp,20.51072465195681,,0.21454987285080396,,161045746367.43625,2.0000000000000004e+19,19.30102999566398,2487222581392183.5,84.27739880372575,0.02166728372742299,4.902075868722763,-8.300127840636204e-05,,,
DOI:10.3390/ma17133227,Sn,2.1,Ar,800.0,RF magnetron co-sputtering,exp,21.549400977264302,1.977723605288848,0.1869615670692628,,93785091331.13167,2.0000000000000004e+16,16.30102999566398,7230392094508774.0,37.9199849120926,0.02834057781915753,4.9017822413403955,0.00023838188802414399,,,
DOI:10.3390/ma17133227,Sn,3.6,Ar,800.0,RF magnetron co-sputtering,exp,21.73602728823058,2.008600171761917,0.1896676213572963,,114051175546.88905,4.999999999999999e+16,16.69897000433602,6511855803603114.0,37.89007658214383,0.02550403840738617,4.901812232541889,0.0002683730895186348,,,
DOI:10.3390/ma17133227,Sn,4.1,Ar,800.0,RF magnetron co-sputtering,exp,21.779959011414633,2.004321373782642,0.19030788422300748,26900.0,120609275550.1423,1e+17,17.0,6352569245532805.0,37.88460714612662,0.024876592458491924,4.901819311277483,0.0002754518251124216,,,
DOI:10.1016/j.apsusc.2019.144975,Sn,0.5,N2,1250.0,CVD (tube furnace),exp,17.92793889843085,0.6989700043360189,-0.014628186798723242,0.04,88265782119149.67,1000000000000000.0,15.0,1.172151648455948e+19,37.96947210136233,61.10994872079125,4.938849610538521,0.037486585458383126,,,
DOI:10.1016/j.apsusc.2019.144975,Sn,5.0,N2,1250.0,CVD (tube furnace),exp,18.884836425773795,1.4913616938342726,-0.003476618963527578,2.57,269569278811660.7,4.9999999999999994e+17,17.69897000433602,8.502324827528122e+18,37.848159029166766,43.228440024859054,4.9301683670964245,0.02880534201628617,,,
DOI:10.1016/j.jmst.2022.05.027,Sn,2.0,N2,1050.0,CVD microwire,exp,19.645486489900073,3.397940008672037,0.06631966835391534,1700.0,9568742156671.625,1e+16,16.0,7.506235793474903e+17,37.883604304141514,3.2826945637031955,4.904086486101405,0.002724522327230492,,,
ACS Omega 2024 review,Sn,2.0,N2+O2,800.0,MOCVD on p-GaN,exp,22.196592882365188,4.0,0.24626703713027176,18.0,51776924074.64778,,,729280181481734.9,82.2039267652282,0.006196774190412383,4.902356991093806,0.00019812109263686356,,,
DOI:10.1016/j.jallcom.2021.162551,Sn,3.0,Ar:O2=1:1,800.0,RF magnetron sputtering,exp,22.849961523171437,2.909556029241175,0.25877787386588835,1.14,47828095859.95001,,,449492268871949.7,37.898764445819815,0.001760864644396853,4.902448350713986,0.00019611401379418828,,,
DOI:10.1007/s40843-025-3757-2,Sn,5.0,air,700.0,Sol-gel+RTA,exp,23.89180838487163,2.909556029241175,0.3201660884865589,,4558697842.87078,,,41826004776426.5,37.897261465387736,0.0001638448919711219,4.902758594571527,0.00020237699239730037,,,
Novel Crystal Technology,Sn,0.0027,inert,1800.0,EFG melt growth,exp,11.78587555105964,,0.054937791346683085,,1.0845583413488584e+17,1e+18,18.0,1.147716747593215e+18,144.56416040765754,19.6368722343636,4.90579661140307,0.004433663438911783,,,
SSRN:5149855,Sn,1.0,Ar,900.0,RF magnetron sputtering,exp,20.444461095300483,3.03342375548695,0.12912445302889441,,595316353723.6206,,,6.7674949593579896e+16,37.957985659783034,0.2655276757234132,4.9013206266117155,1.344201697997191e-07,,,
SSRN:5149855,Sn,5.0,Ar,900.0,RF magnetron sputtering,exp,21.03659141327119,2.6989700043360187,0.13745054262034184,,1144257430972.3943,,,4.905535452332514e+16,37.865585152775736,0.19200378354973913,4.901333203202995,1.2711011449251155e-05,,,
SSRN:5149855,Sn,8.0,Ar,900.0,RF magnetron sputtering,exp,21.155594210808026,2.0,0.13916996987374652,,1401482601689.8086,,,4.5900966417506504e+16,37.857405544144385,0.17961862704894777,4.901339892337256,1.9400145710158712e-05,,,
DOI:10.1016/j.matlet.2017.08.032,Mg,5.0,Ar,800.0,RF magnetron sputtering,exp,33.275400296927046,3.939519252618618,3.6690568156100003,4.1,9.394734790751069e+20,,,2.304402470057175e-43,37.83169082804247,9.011410619485877e-61,4.903044196720766,0.0015003372683955092,,,
DOI:10.1016/j.surfcoat.2025.131940,Mg,0.48,Ar,800.0,RF magnetron sputtering,exp,32.25165546695857,2.0,3.688019938153248,,8.911098462662255e+19,4.999999999999999e+16,16.69897000433602,1.1066031301563733e-43,37.87426280670024,4.332262647698015e-61,4.903044196720766,0.0015003372683955092,,,
DOI:10.1016/j.surfcoat.2025.131940,Mg,1.01,Ar,800.0,RF magnetron sputtering,exp,32.57782411555941,3.0,3.679963715896283,,1.8880914945353174e+20,2.0000000000000004e+16,16.30102999566398,1.511229670401506e-43,37.8469112501732,5.9120705639507796e-61,4.903044196720766,0.0015003372683955092,,,
DOI:10.1016/j.surfcoat.2025.131940,Mg,2.18,Ar,800.0,RF magnetron sputtering,exp,32.913898674507166,1.6989700043360187,3.673264475145617,,4.091192759814332e+20,1e+16,16.0,1.9582708666884912e-43,37.83601354184725,7.658731261085751e-61,4.903044196720766,0.0015003372683955092,,,
DOI:10.1016/j.apsusc.2025.169433,Mg,0.0,O2_plasma,550.0,MBE,exp,20.941537908298738,2.0,0.37992646071565694,,896277433.9886744,1e+17,17.0,4144922039655.9663,89.00774147624506,3.8134920313452316e-05,4.902908818441844,0.0,,,
DOI:10.1016/j.apsusc.2025.169433,Mg,2.5,O2_plasma,550.0,MBE,exp,32.909275284459355,4.0,3.7364330488139217,,4.0565972961297007e+20,4.999999999999999e+16,16.69897000433602,1.7009338772524118e-44,37.83610307577443,6.652310723207387e-62,4.903044196720766,0.00013537827892204973,,,
DOI:10.1016/j.apsusc.2025.169433,Mg,5.5,O2_plasma,550.0,MBE,exp,33.23319792921181,5.698970004336019,3.743007359962447,,8.552619837111101e+20,1999999999999992.0,15.30102999566398,1.3189971727511213e-44,37.83199582957112,5.158005647861811e-62,4.903044196720766,0.00013537827892204973,,,
DOI:10.1016/j.apsusc.2025.169433,Mg,7.8,O2_plasma,550.0,MBE,exp,33.27093848637375,7.113943352306837,3.7438821630620724,0.9,9.329103484508473e+20,89999999999999.7,13.954242509439323,1.275110492336876e-44,37.831721350999956,4.9863483708444735e-62,4.903044196720766,0.00013537827892204973,,,
ACS Omega 2024 review,Mg,3.0,O2,650.0,PLD,exp,32.988126565838726,4.113943352306837,3.7365634623993316,,4.8628205011828716e+20,,,1.6923749140953602e-44,37.83472782562096,6.618596249393011e-62,4.903044196720766,0.00030930776874313234,,,
DOI:10.3390/coatings15111312,Mg,2.0,Ar,800.0,RF magnetron sputtering+AlN,exp,32.876308122332695,3.342422680822206,3.6739021034851174,120.0,3.7522816719741616e+20,,,1.910561747756275e-43,37.836777225877285,7.472293325398558e-61,4.903044196720766,0.0015003372683955092,,,
DOI:10.1021/acsaelm.5c02383,Mg,1.5,O2,650.0,PLD on MgO substrate,exp,32.687012025665545,3.3010299956639813,3.7365967876275166,,2.4309554200572835e+20,,,1.6901947173959508e-44,37.84217084535968,6.611370226445922e-62,4.903044196720766,0.00030930776874313234,,,
DOI:10.1007/s13391-017-7072-y,Zn,3.0,Ar,800.0,RF magnetron sputtering,exp,33.049278731065286,2.1760912590556813,3.5449798527210743,,5.585752230798954e+20,,,2.7987207540444137e-41,37.833856604049,1.0945078414900373e-58,4.903044196720766,0.0015003372683955092,,,
ResearchGate Struct.Opt.Zn,Zn,0.5,Ar,800.0,RF magnetron sputtering,exp,32.26802894884551,1.6989700043360187,3.552495511143216,,9.253481263625676e+19,,,2.092676338199322e-41,37.87219591917804,8.192213208553667e-59,4.903044196720766,0.0015003372683955092,,,
ResearchGate Struct.Opt.Zn,Zn,2.0,Ar,800.0,RF magnetron sputtering,exp,32.873205502322506,2.4771212547196626,3.544977194807617,,3.725595414058669e+20,,,2.799008512826309e-41,37.83684402643722,1.0947068095544876e-58,4.903044196720766,0.0015003372683955092,,,
DOI:10.1016/j.surfcoat.2025.131691,Zn,8.2,O2,400.0,Spatial ALD,exp,32.96057261033108,6.869231719730976,3.6860765431573954,0.00071,4.565557356740239e+20,,,1.1929973894929968e-43,37.83517336422125,4.6656689153987665e-61,4.903044196720766,2.498491828736934e-05,,,
ref review,Zn,2.0,O2,600.0,MOCVD,exp,32.710827057836894,6.460897842756548,3.631130422367976,37.0,2.5683660956135204e+20,,,9.992949586590704e-43,82.0259922885205,8.472740103348554e-60,4.903044196720766,0.00020858051042335182,,,
DOI:10.1016/j.jallcom.2023.171596,Zn,3.0,N2+O2,900.0,MOCVD on ZnGa₂O₄,exp,32.94657098853543,7.071882007306125,3.6188183891120587,0.635,4.393692416336441e+20,,,1.6088914799935424e-42,82.01318893778812,1.3639207809123736e-59,4.903044196720766,0.0013008522762798422,,,
DOI:10.1039/D3TC03599A,Zn,3.0,O2,650.0,PLD+O₂ FTF anneal,exp,32.8935446306451,8.301029995663981,3.6300400785530744,0.75,3.9112209774650425e+20,,,1.0423430292216045e-42,37.83641678402134,4.076611851091814e-60,4.903044196720766,0.00030930776874313234,,,
DOI:10.1016/j.apsusc.2024.161509,Zn,2.0,N2+O2,800.0,MOCVD,exp,32.7878139833358,8.301029995663981,3.61190978514019,,3.061101241345231e+20,,,2.1017748478166703e-42,82.02082711443099,1.7819233981835864e-59,4.903044196720766,0.00088532671959705,,,
DOI:10.1088/2752-5724/ad19e1,H,0.0,Ar,,RF magnetron sputtering,exp,17.250118449097634,2.0,0.1651042382811223,,109051762442.79193,4.9999999999999994e+17,17.69897000433602,1.6838688058471548e+16,89.53561467903111,0.1558413732979044,4.901544490504348,0.0,,,
DOI:10.1088/2752-5724/ad19e1,H,0.5,Ar+H2,,RF magnetron sputtering,exp,31.28888678805727,7.423245873936808,3.0973072723180333,51.7,240214548821197.47,1e+16,16.0,9.279571408051918e-34,38.538763971885466,3.6966164803306795e-51,4.903044196720766,0.0014997062164191911,,,
DOI:10.1088/2752-5724/ad19e1,H,1.0,Ar+H2,,RF magnetron sputtering,exp,31.564123916144545,5.698970004336019,2.9250904640512867,,315917375510558.5,4.999999999999999e+16,16.69897000433602,7.255092651330419e-31,38.152808966309735,2.8611997376508787e-48,4.903044196720766,0.0014997062164191903,,,
DOI:10.1088/2752-5724/ad19e1,H,2.0,Ar+H2,,RF magnetron sputtering,exp,31.850665739398245,4.0,2.8907820978524454,,407510691433920.06,2.0000000000000003e+17,17.30102999566398,2.735257062913495e-30,37.971582562916225,1.0735827914748915e-47,4.903044196720766,0.0014997062164191898,,,
ACS Omega 2024 review,Ta,0.5,N2+O2,800.0,MOCVD,exp,32.01250882120961,3.0,0.9334406607212173,,1692242567040.3748,,,2083.9489168577334,82.04912008015071,1.767419704478177e-14,4.903044086874013,0.0008852168728442988,,,
DOI:10.1007/s00339-026-09375-8,Ta,0.5,N2+O2,800.0,MOCVD,exp,32.01250882120961,5.0,0.9334406607212173,0.1,1692242567040.3748,,,2083.9489168577334,82.04912008015071,1.767419704478177e-14,4.903044086874013,0.0008852168728442988,,,
ε-PMC review 2025,Zr,2.0,O2,600.0,PLD,exp,23.327349343832594,7.220108088040055,0.2686791585082684,,58315671171.0234,100000000000000.0,14.0,306470206046220.06,37.83663200609406,0.0011986142235243442,4.90251312589593,-0.00032249031441248984,,,
DOI:10.1016/j.mssp.2021.106471,Mg,1.91,O2_plasma,50.0,PE-ALD,exp,31.778466058685115,1.9030899869919435,3.8435611804538343,,2.9964483662927213e+19,4.999999999999999e+16,16.69897000433602,2.6978265730425586e-46,38.00433842492535,1.0598048445522047e-63,4.903044196720766,3.623737506958607e-06,,,
DOI:10.1016/j.mssp.2021.106471,Mg,3.28,O2_plasma,50.0,PE-ALD,exp,31.93896944029586,1.6989700043360187,3.84834824568392,,4.337974548602077e+19,2.0000000000000004e+16,16.30102999566398,2.2417897114734893e-46,37.93971862306491,8.791594990654251e-64,4.903044196720766,3.623737506958607e-06,,,
DOI:10.1016/j.mssp.2021.106471,Mg,5.22,O2_plasma,50.0,PE-ALD,exp,32.07636811938116,1.3010299956639813,3.852445634212397,,5.953395453009947e+19,1e+16,16.0,1.9132061750496046e-46,37.903709014778244,7.495872292052277e-64,4.903044196720766,3.623737506958607e-06,,,
DOI:10.1016/j.matlet.2017.08.032,Mg,4.92,Ar,800.0,RF magnetron sputtering,exp,33.268385800579296,3.6989700043360174,3.6691010979150978,4.1,9.2444564456137e+20,500000000000002.0,14.69897000433602,2.300458600826484e-43,37.83173899083437,8.995999494872115e-61,4.903044196720766,0.0015003372683955092,,,
DOI:10.1016/j.matlet.2017.08.032,Mg,6.88,Ar,800.0,RF magnetron sputtering,exp,33.27764304524188,3.903089986991944,3.6690429958523763,4.1,9.443296419175814e+20,300000000000001.3,14.477121254719664,2.3056346686279704e-43,37.83167563293469,9.016225534560368e-61,4.903044196720766,0.0015003372683955092,,,
DOI:10.1016/j.matlet.2017.08.032,Mg,8.58,Ar,800.0,RF magnetron sputtering,exp,33.27764304524188,3.778151250383644,3.6690429958523763,4.1,9.443296419175814e+20,199999999999999.22,14.30102999566398,2.3056346686279704e-43,37.83167563293469,9.016225534560368e-61,4.903044196720766,0.0015003372683955092,,,
DOI:10.1016/j.apsusc.2023.155000,Mg,1.0,O2,,ALD,exp,32.430685246219035,6.986771734266245,3.7586073855349413,4.9e-06,1.3456769037707154e+20,,,7.213980588937609e-45,37.85617784565965,2.82286707446786e-62,4.903044196720766,0.0007534964370623574,,,
DOI:10.1016/j.surfcoat.2025.131940,Mg,0.72,Ar,800.0,RF magnetron sputtering,exp,32.42959989760544,,3.6834853974691963,,1.3423167159009065e+20,,,1.3187692894975307e-43,37.85626180898917,5.160422345269102e-61,4.903044196720766,0.0015003372683955092,,,
DOI:10.1016/j.surfcoat.2025.131940,Mg,1.45,Ar,800.0,RF magnetron sputtering,exp,32.735920215360956,,3.676551351062626,,2.716585169418009e+20,,,1.7244701361514815e-43,37.84048493534027,6.745141530316066e-61,4.903044196720766,0.0015003372683955092,,,
DOI:10.1007/s13391-017-7072-y,Zn,5.0,Ar,800.0,RF magnetron sputtering,exp,33.27053499024448,,3.5464709156304948,,9.29024362193631e+20,,,2.641866171867224e-41,37.831724130664185,1.0331078074524331e-58,4.903044196720766,0.0015003372683955092,,,
GOX2023,Si,0.0055,O2,700.0,MBE on Fe:Ga₂O₃,exp,20.968984837946397,,0.2874175154559486,,21127877694.732033,2.0000000000000003e+18,18.30102999566398,148456090193981.94,51.34615768331751,0.0007879246080386016,4.902618895963598,7.524942659864671e-06,,,
ResearchGate 2022 Mg-doped β-Ga2O3-δ,Mg,1.5,O2,650.0,PLD on Al₂O₃,exp,32.687012025665545,4.842609239610562,3.7365967876275166,,2.4309554200572835e+20,,,1.6901947173959508e-44,37.84217084535968,6.611370226445922e-62,4.903044196720766,0.00030930776874313234,,,
DOI:10.1016/j.apsusc.2019.144975,Sn,2.0,N2,1250.0,CVD tube furnace,exp,18.524941849073794,1.0,-0.008611590838726535,1.0,154303180287050.7,,,9.887934844047464e+18,37.869524469958925,50.819057454043474,4.933993253898644,0.03263022881850524,,,
J.Semicond.44(6):062805 2023,Sn,5.0,Ar,,RF magnetron sputtering,exp,21.847583227300973,0.6989700043360189,0.19136386388946747,,131642063777.87067,,,6098326061890585.0,37.87728882027897,0.023876365713937787,4.901830967787387,0.0002864772830397514,,,
J.Semicond.44(6):062805 2023,Sn,5.0,N2,900.0,RF magnetron sputtering+N₂,exp,21.03659141327119,3.3010299956639813,0.13745054262034184,,1144257430972.3943,,,4.905535452332514e+16,37.865585152775736,0.19200378354973913,4.901333203202995,1.2711011449251155e-05,,,
J.Semicond.44(6):062805 2023,Sn,5.0,air,900.0,RF magnetron sputtering+air,exp,22.117815836572554,2.6989700043360187,0.20182339547404826,,336545847420.8827,,,4069163781992317.5,37.865585383952336,0.01592680053763651,4.901944563952902,0.00014937459797321058,,,
chalcogen.ro Xu et al.,Sn,7.2,air,600.0,Sol-gel (spin-coat),exp,25.12741585830172,2.0,0.40084685745324933,760.0,259923572.15188038,,,1845309306162.8562,37.925368903796056,7.233986291428174e-06,4.902940325841663,0.0001326328190072826,,,
chalcogen.ro Xu et al.,Sn,14.4,air,600.0,Sol-gel (spin-coat),exp,25.12741585830172,2.3010299956639813,0.40084685745324933,760.0,259923572.15188038,,,1845309306162.8562,37.925368903796056,7.233986291428174e-06,4.902940325841663,0.0001326328190072826,,,
DOI:10.3390/s24175822,Sn,1.5,N2+O2,800.0,MOCVD (e-mode phototransistor),exp,22.092991076015654,3.0,0.24477301942469332,1.84,53631504707.86171,,,772667603869315.9,82.2545035051693,0.006569481356923936,4.902345347661113,0.000186477659943574,,,
DOI:10.1021/acsami.4c12331,Zr,2.0,O2,700.0,Hydrothermal+sputtered β-Ga₂O₃,exp,22.324303982324373,5.477121254719663,0.20897110463526225,,440559062947.2336,,,3086256674135162.0,37.83663202269672,0.012070442985021072,4.90201942849435,-0.0005919425265870639,,,
PMC11396281 review,Sn,0.00037,O2_plasma,700.0,PAMBE on (010) Ga₂O₃,exp,19.79374435107508,,0.2873438524415288,,21184869934.40451,1599999999999994.2,15.204119982655923,148879705833123.3,83.9807188693046,0.0012923905846565459,4.902618520420135,7.149399197226611e-06,,,
DOI:10.1016/j.surfcoat.2025.131691,Zn,2.5,O2,400.0,Spatial ALD,exp,32.576931380766766,3.0,3.6669842245745423,,1.8870593069139185e+20,4.999999999999999e+16,16.69897000433602,2.496757303973684e-43,37.84695647131077,9.76755769711837e-61,4.903044196720766,2.498491828736934e-05,,,
DOI:10.1016/j.surfcoat.2025.131691,Zn,5.1,O2,400.0,Spatial ALD,exp,32.81265005447848,3.4771212547196626,3.678170435037146,,3.2475224315576464e+20,2.0000000000000004e+16,16.30102999566398,1.6197808647786098e-43,37.83827465763228,6.335286868927435e-61,4.903044196720766,2.498491828736934e-05,,,
DOI:10.1016/j.surfcoat.2025.131940,Mg,1.01,Ar,800.0,RF magnetron sputtering,exp,32.57782411555941,,3.679963715896283,,1.8880914945353174e+20,,,1.511229670401506e-43,37.8469112501732,5.9120705639507796e-61,4.903044196720766,0.0015003372683955092,,,
DOI:10.1016/j.mssp.2024.108428,Si,2.0,air,650.0,Mist-CVD (α-phase),exp,24.06337092675515,6.510545010206612,0.31249520600662706,,6437011695.278863,,,56274483106878.77,37.84145059406406,0.0002201192306571566,4.90273038531664,3.604629360208294e-05,,,
DOI:10.1016/j.sna.2023.114765,Sn,4e-05,air,600.0,Sol-gel,exp,20.282565203270828,4.0,0.33694682752699023,,2790708559.336197,1.5000000000000004e+16,16.17609125905568,21854576896726.625,88.72847410759687,0.00020043986955616116,4.902812136857391,4.4438347361674435e-06,,,
DOI:10.1016/j.sna.2023.114765,Sn,0.00014,air,600.0,Sol-gel,exp,20.464920184726466,4.698970004336019,0.34015450403506886,,2465023886.079841,4.999999999999999e+16,16.69897000433602,19304377996114.59,87.87885877215474,0.00017535530811294925,4.902821213062471,1.3520039816034256e-05,,,
DOI:10.1016/j.sna.2023.114765,Sn,0.00055,air,600.0,Sol-gel,exp,20.89875771246539,3.0,0.3466728124891345,,1915635003.7247305,2.0000000000000003e+17,17.30102999566398,15002134545340.734,83.99998013206796,0.00013025995835233637,4.9028386161098085,3.092308715333522e-05,,,
ACS Omega 2024 review,Sn,3e-05,N2,1050.0,CVD microbelts,exp,14.350435889808175,8.0,0.11636927000092268,0.5,559661675460.8445,1e+16,16.0,1.1075119216520157e+17,91.72852245299472,1.055695641916951,4.901387592467032,2.562869285729647e-05,,,
DOI:10.1063/5.0139622,Si,1.4e-05,O2,525.0,Suboxide MBE,exp,21.293003380850017,,0.3994905618376281,,451638969.0840077,5000000000000020.0,15.69897000433602,1944705916027.1003,88.97356970096203,1.7885193623829503e-05,4.902938522343623,1.1029236510005453e-06,,,
DOI:10.1063/5.0139622,Si,5.5e-05,O2,525.0,Suboxide MBE,exp,21.399314586335624,,0.4021941057443259,,406760377.83736384,2.0000000000000004e+16,16.30102999566398,1751605890015.061,88.8308962568919,1.608344715300995e-05,4.902942087323626,4.667903653563645e-06,,,
DOI:10.1063/5.0139622,Si,0.00027,O2,525.0,Suboxide MBE,exp,21.843919624233056,,0.41457087406696935,,251954450.19387,1e+17,17.0,1085215132180.755,86.46845788828237,9.699564830445707e-06,4.902956952745042,1.953332506986607e-05,,,
DOI:10.1063/5.0139622,Si,0.0027,O2,525.0,Suboxide MBE,exp,22.878734307634268,,0.4231049945152279,,181285570.94770935,1e+18,18.0,780097574620.1543,61.83476142865875,4.98609228925629e-06,4.902965937854956,2.8518434983601243e-05,,,
DOI:10.1063/5.0027870,Sn,2.7e-05,O2_plasma,700.0,Plasma-assisted MBE,exp,19.40924490949069,,0.28609941358287827,,22229423103.608795,1e+16,16.0,156221621614993.28,88.61948602605604,0.001431031073034342,4.902612130246226,7.592252879396884e-07,,,
DOI:10.1063/5.0027870,Sn,0.00027,O2_plasma,700.0,Plasma-assisted MBE,exp,19.707503352589583,,0.2870547807980435,,21423020497.355045,1e+17,17.0,150553788648518.0,85.25655251307757,0.0013267776642068342,4.902617043771667,5.6727507301086726e-06,,,
DOI:10.1063/5.0027870,Sn,0.0027,O2_plasma,700.0,Plasma-assisted MBE,exp,20.624147173956235,,0.2908430713250434,,18504020557.389885,1e+18,18.0,130032300293893.67,66.18083976241445,0.0008895333078053437,4.9026360290809725,2.4658060034609726e-05,,,
MOCVD review APL Mater. 2025,Si,2.7e-06,N2+O2,800.0,MOCVD,exp,17.96748756662418,,0.22308711779581358,,115730152766.60782,1000000000000000.0,15.0,1787710652769562.2,192.93862017786273,0.035652918952955755,4.902158419551732,-4.504494368742025e-07,,,
MOCVD review APL Mater. 2025,Si,0.00027,N2+O2,800.0,MOCVD,exp,18.250878297285254,,0.22020245624653523,,129392148991.85149,1e+17,17.0,1998742404430118.0,182.12377592044993,0.03762722304084838,4.902131066735349,-2.7803265820319388e-05,,,
MOCVD review APL Mater. 2025,Si,0.0027,N2+O2,800.0,MOCVD,exp,19.074858175577937,,0.2160668687402394,,151840535704.8481,1e+18,18.0,2345474167794012.5,130.65506572925204,0.03167638424571484,4.902090885266191,-6.798473497811756e-05,,,
MOCVD review APL Mater. 2025,Si,0.0275,N2+O2,800.0,MOCVD,exp,20.199308089243516,,0.21464782762638812,,160421785570.63242,1e+19,19.0,2477816334683306.5,87.20312565343706,0.02233468640271154,4.902076842759765,-8.202724140418823e-05,,,
DOI:10.1063/5.0139622 review,Sn,0.714,N2+O2,900.0,MOCVD,exp,20.972174835686474,,0.1868323102330569,,407357868545.6307,2.5999999999999587e+20,20.41497334797081,7266631441705585.0,82.37256469678529,0.06187203740868277,4.901780806491121,3.7462046634589895e-05,,,
DOI:10.1016/j.surfcoat.2025.131940,Mg,1.01,Ar,800.0,RF magnetron sputtering,exp,32.57782411555941,3.0,3.679963715896283,,1.8880914945353174e+20,2.0000000000000004e+16,16.30102999566398,1.511229670401506e-43,37.8469112501732,5.9120705639507796e-61,4.903044196720766,0.0015003372683955092,,,
Zhou et al. ACS Omega ref,Sn,3.0,N2,1050.0,CVD microbelts,exp,19.802531592677795,8.0,0.06843028633968107,0.5,11910704082716.156,1e+16,16.0,6.93372717732373e+17,37.868322000988606,3.0172253587954634,4.903834131078279,0.0024721673041041238,,,
GOX2023 proceedings,Si,0.00082,N2+O2,800.0,MOCVD,exp,18.568934615872315,,0.21801878170212952,,140797056333.4873,3.000000000000001e+17,17.477121254719663,2174905782431801.2,164.45075943073596,0.03697047469525466,4.902109989798305,-4.888020286407361e-05,,,
DOI:10.1016/j.sna.2023.114765,Sn,2e-05,air,600.0,Sol-gel,exp,20.23946123766113,5.0,0.3361965058832581,,2872904665.574151,8000000000000003.0,15.903089986991944,22498172947042.977,88.87392302889762,0.000206680877863228,4.902809963172458,2.2701498025836613e-06,,,
DOI:10.1063/5.0369553 APL Mater.2025,Si,0.00082,N2+O2,800.0,MOCVD,exp,18.568934615872315,,0.21801878170212952,,140797056333.4873,3.000000000000001e+17,17.477121254719663,2174905782431801.2,164.45075943073596,0.03697047469525466,4.902109989798305,-4.888020286407361e-05,,,
10.1016/j.matlet.2017.08.052,Mg,4.92,,,RF magnetron sputtering,exp,33.268388040638285,,3.669090766180263,,9.244553448827039e+20,,,2.3013781613428823e-43,37.831738975298,8.999595455014962e-61,4.903044196720766,0.0014997062164191911,,,
10.1016/j.matlet.2017.08.052,Mg,6.88,,,RF magnetron sputtering,exp,33.2776460362948,,3.669032822826955,,9.4434123482403e+20,,,2.3065421379084952e-43,37.831675612735076,9.019774204567101e-61,4.903044196720766,0.0014997062164191911,,,
10.1016/j.matlet.2017.08.052,Mg,8.58,,,RF magnetron sputtering,exp,33.2776460362948,,3.669032822826955,,9.4434123482403e+20,,,2.3065421379084952e-43,37.831675612735076,9.019774204567101e-61,4.903044196720766,0.0014997062164191911,,,
10.1016/j.mssp.2022.106471,Mg,1.91,O2_plasma,,RF magnetron sputtering,exp,32.742318011371346,,3.751811255617876,,2.7568787155567447e+20,542999999999.99915,11.734799829588846,9.383069368982039e-45,37.840281428506636,3.6701006981946173e-62,4.903044196720766,0.0007534964370623574,,,
10.1016/j.mssp.2022.106471,Mg,3.28,O2_plasma,,RF magnetron sputtering,exp,32.99326509377876,,3.747611030092247,,4.910600825398099e+20,542999999999.99915,11.734799829588846,1.1038386852671787e-44,37.83464857522018,4.316920097427739e-62,4.903044196720766,0.0007534964370623574,,,
10.1016/j.mssp.2022.106471,Mg,5.22,O2_plasma,,RF magnetron sputtering,exp,33.20308244335219,,3.745302127999981,,7.95574962594575e+20,542999999999.99915,11.734799829588846,1.2069616146499487e-44,37.83223727475029,4.719915012095731e-62,4.903044196720766,0.0007534964370623574,,,
10.1016/j.mssp.2024.108361,Mg,1.0,O2_plasma,,RF magnetron sputtering,exp,32.430685246219035,4.309630167425898,3.7586073855349413,,1.3456769037707154e+20,,,7.213980588937609e-45,37.85617784565965,2.82286707446786e-62,4.903044196720766,0.0007534964370623574,,,
10.1016/j.mssp.2024.108361,Mg,2.0,O2_plasma,,RF magnetron sputtering,exp,32.76399658817883,4.309630167425898,3.7513963526771668,,2.8978779490368e+20,,,9.534874687959743e-45,37.83961905551731,3.7294126605954823e-62,4.903044196720766,0.0007534964370623574,,,
10.1016/j.mssp.2024.108361,Mg,3.0,O2_plasma,,RF magnetron sputtering,exp,32.952381948332246,4.309630167425898,3.748197935316311,,4.4698772326480976e+20,,,1.0790610998788006e-44,37.83531276094287,4.220093375477898e-62,4.903044196720766,0.0007534964370623574,,,
10.1007/s10853-019-03663-w,Ti,0.01,,,PLD,exp,28.74363200102395,,1.2268498268924595,,137372783411.96931,,,0.024537483400055522,84.90830499352299,2.1535694688991392e-19,4.9030441942217164,0.0014997037173690682,,,
10.1007/s10853-019-03663-w,Ti,1.0,,,PLD,exp,30.043361494713476,,1.2079257816025168,,372510522241.3151,,,0.05101994517334133,43.709266440845376,2.3051128994964837e-19,4.903044193531103,0.0014997030267553664,,,
10.1007/s10853-019-03663-w,Ti,1.5,,,PLD,exp,30.174153380700265,,1.2054174048822666,,411850116155.1034,,,0.05621844926640841,42.00027880094471,2.44067375247079e-19,4.903044193426254,0.0014997029219064029,,,
10.1007/s10853-019-03663-w,Ti,4.0,,,PLD,exp,30.49217842544344,,1.1992545968251478,,525727560375.2489,,,0.0713525470358589,39.57627662308421,2.9189261614244264e-19,4.9030441931537805,0.0014997026494333392,,,
10.1007/s10853-019-03663-w,Ti,5.0,,,PLD,exp,30.56472916959436,,1.197839380562403,,555838453718.8567,,,0.07536749266449765,39.25532576168377,3.0581680633492484e-19,4.9030441930880935,0.0014997025837467023,,,
10.1016/j.optmat.2019.109223,Ti,1.5,,500.0,RF magnetron sputtering,exp,30.292849525356875,,1.2126878295272747,,904107549.9904655,,,0.04243665103151452,40.85765447008429,1.7922278855324937e-19,4.90304419372106,0.00021218999401439263,,,
10.1016/j.optmat.2019.109223,Ti,5.0,,500.0,RF magnetron sputtering,exp,30.682545519974806,,1.2049555586627942,,1219323008.1421542,,,0.057231817354900155,38.85261780604931,2.2984577147858706e-19,4.9030441934065765,0.00021218967952982265,,,
10.1002/pssr.202100411,Ti,11.0,N2,,PLD,exp,30.566604573366696,,1.1978027614719617,,556639268483.9288,,,0.07547432558471533,39.2478410917556,3.061919079977493e-19,4.903044193086378,0.0014997025820310838,,,
10.1039/c9tc05823k,Fe,5.38,,,MBE,exp,28.999999999970647,,1.0367708738592625,,87935431.99723016,,,38.28387493507241,89.00761143421916,3.5222625973480714e-16,4.9030441677360805,0.0014996772317339303,,,
10.1039/c9tc05823k,Fe,9.52,,,MBE,exp,28.999999999970647,,1.0367708738592625,,87935431.99723016,,,38.28387493507241,89.00761143421916,3.5222625973480714e-16,4.9030441677360805,0.0014996772317339303,,,
10.1039/c9tc05823k,Fe,9.62,,,MBE,exp,28.999999999970647,,1.0367708738592625,,87935431.99723016,,,38.28387493507241,89.00761143421916,3.5222625973480714e-16,4.9030441677360805,0.0014996772317339303,,,
10.1038/srep25166,Fe,2.44,,900.0,PLD,exp,29.00000000037714,,1.017502279799145,,1345971393.5119479,,,80.67036504192542,89.00761142789054,7.421981446843548e-16,4.903044159561472,0.0017236673699266682,,,
10.1016/j.optmat.2022.112491,Ta,0.5,,,RF magnetron sputtering,exp,31.865274616213643,,0.8766238740673975,,1509154686902.6304,,,18765.799657826075,37.86394104561345,7.34465814267281e-14,4.903043968192592,0.0014994776882446942,,,
10.1016/j.optmat.2022.112491,Ta,1.0,,,RF magnetron sputtering,exp,32.156204019548646,,0.8709160196993295,,1887491812098.63,,,23402.098804465546,37.84431613498842,9.154490238455503e-14,4.9030439507399555,0.0014994602356082495,,,
10.1016/j.optmat.2022.112491,Ta,1.3,,,RF magnetron sputtering,exp,32.26667226269595,,0.8687432390937726,,2054930636774.552,,,25453.9927619713,37.8402350235777,9.956081360067601e-14,4.903043943751463,0.0014994532471158898,,,
10.1016/j.optmat.2022.112491,Ta,1.5,,,RF magnetron sputtering,exp,32.327003720773476,,0.8675555675836017,,2152599009126.3044,,,26650.656978805895,37.83849683357752,1.0423666080822179e-13,4.903043939847891,0.0014994493435441603,,,
10.1007/s40843-025-3509-0,Sn,0.139,,870.0,RF magnetron sputtering,exp,19.821758190062138,4.534026106056135,0.1335001393082358,,343147246294.3606,,,5.714726483415371e+16,38.657039536358695,0.22835090450637022,4.901322825578286,-1.937904498644158e-05,,,
10.1007/s40843-025-3509-0,Sn,0.199,,870.0,RF magnetron sputtering,exp,19.989835872483138,4.534026106056135,0.13541382292702853,,328198844176.4425,,,5.307316273914281e+16,38.41539890623458,0.21074584052242842,4.901326939404741,-1.526521853222637e-05,,,
10.1007/s40843-025-3509-0,Sn,1.0,,870.0,RF magnetron sputtering,exp,20.6805570163137,4.534026106056135,0.1443479709064368,,337259874051.249,,,3.7573959584785304e+16,37.966445996641475,0.14745707151774987,4.90136688272014,2.4678096867360036e-05,,,
10.1007/s40843-025-3509-0,Sn,1.14,,870.0,RF magnetron sputtering,exp,20.731631552467498,4.534026106056135,0.14505492369637274,,346603348845.1142,,,3.656088676482887e+16,37.9523094255362,0.14342789496921268,4.901371282152853,2.9077529580873694e-05,,,
10.1007/s40843-025-3509-0,Sn,1.39,,870.0,RF magnetron sputtering,exp,20.80760729226609,4.534026106056135,0.1461143281422128,,364255334726.14026,,,3.5093619104278724e+16,37.93390788741649,0.13760507105823616,4.90137816435846,3.595973518767952e-05,,,
10.1063/1.4964638,Sn,2.0,,,PLD,exp,21.533441539310306,,0.18680008612771726,,92113738579.96625,,,7275694264316480.0,37.92344734320265,0.028520750249953618,4.901780448754472,0.0002359582501259168,,,
10.1063/1.4964638,Sn,3.0,,,PLD,exp,21.675094456782244,,0.18885066518074556,,105663232181.37906,,,6720913013675896.0,37.89879531001237,0.02632887940761834,4.901803189529032,0.00025869902468463583,,,
10.1063/1.4964638,Sn,7.0,,,PLD,exp,21.939332093957812,,0.19270664576767516,,151169977772.56293,,,5789672426714258.0,37.86870217902047,0.022662776170946867,4.901845752536634,0.0003012620322862278,,,
10.1063/1.4964638,Sn,8.0,,,PLD,exp,21.939332093957812,,0.19270664576767516,,151169977772.56293,,,5789672426714258.0,37.86870217902047,0.022662776170946867,4.901845752536634,0.0003012620322862278,,,
10.1088/1674-4926/44/6/062805,Sn,5.0,N2,900.0,RF magnetron sputtering,exp,21.03659141327119,6.230448921378274,0.13745054262034184,,1144257430972.3943,,,4.905535452332514e+16,37.865585152775736,0.19200378354973913,4.901333203202995,1.2711011449251155e-05,,,
10.1364/OME.8.003506,Sn,0.3,,1019.0,RF magnetron sputtering,exp,19.03818881838482,0.3010299956639812,0.06929884107394635,,3687624164812.1055,,,6.710665285001381e+17,38.14079945655704,2.9356340642326297,4.903735475103539,0.0023754747111690098,,,
10.1364/OME.8.003506,Sn,0.5,,1019.0,RF magnetron sputtering,exp,19.269269076543242,0.3010299956639812,0.07175807460133665,,3836462545517.8916,,,6.116285910352265e+17,38.0223547727781,2.653142343891146,4.90347180411019,0.002111803717819229,,,
10.1364/OME.8.003506,Sn,0.7,,1019.0,RF magnetron sputtering,exp,19.416904657927113,0.3010299956639812,0.07347477827002624,,4063430046330.807,,,5.7320876350140845e+17,37.97128139286779,2.473952157297424,4.903300875036743,0.0019408746443724412,,,
10.1364/OME.8.003506,Sn,0.9,,1019.0,RF magnetron sputtering,exp,19.524430971990625,0.3010299956639812,0.07478421821849501,,4323854352629.155,,,5.454949065043966e+17,37.942728186518195,2.3459364178117394,4.903177411233304,0.0018174108409331072,,,
10.1364/OME.8.003506,Sn,1.2,,1019.0,RF magnetron sputtering,exp,19.644465156585362,0.3010299956639812,0.07629620111606439,,4740974532344.215,,,5.15118239745785e+17,37.91752307316999,2.2066344854684585,4.903042000713387,0.0016820003210170267,,,
10.1364/OME.8.003506,Sn,1.5,,1019.0,RF magnetron sputtering,exp,19.73529037852657,0.3010299956639812,0.07747077133112867,,5169346108954.4795,,,4.926662371512779e+17,37.902215584709566,2.104285746468212,4.902941912360482,0.0015819119681105198,,,
10.1016/j.mssp.2020.105430,Sn,0.82,N2,499.0,RF magnetron sputtering,exp,24.885944829678287,2.0211892990699383,0.4259731941349063,,10534683.115540441,,,698176609405.1013,38.460610127268325,2.7756209693233534e-06,4.902968747385616,0.0001345811352223255,,,
10.1016/j.mssp.2020.105430,Sn,1.0,N2,499.0,RF magnetron sputtering,exp,24.950572339661832,2.0211892990699383,0.42692959318632795,,10291196.934118282,,,672819388454.428,38.38058329164219,2.669247005319983e-06,4.902969661874648,0.00013549562425502784,,,
10.1016/j.jpcs.2014.06.005,Zn,5.26,,,PLD,exp,33.2924555650844,,3.546706154620198,,9.770440753773072e+20,,,2.6179356839461866e-41,37.83157770070302,1.0237457729461242e-58,4.903044196720766,0.0014997062164191911,,,
10.1016/j.jpcs.2014.06.005,Zn,7.0,,,PLD,exp,33.415911280750144,,3.548279061428995,,1.2976236891280617e+21,,,2.463402066564054e-41,37.830905272904104,9.632981602063699e-59,4.903044196720766,0.0014997062164191911,,,
10.1016/j.jlumin.2020.117048,Zn,8.38,,,thermal evaporation,exp,33.49353194486116,,3.549478397769096,,1.5510022867812973e+21,,,2.3517293413458297e-41,37.83058972372298,9.196215602133896e-59,4.903044196720766,0.0014997062164191911,,,
10.1016/j.mtphys.2020.100263,Zn,7.0,,,RF magnetron sputtering,exp,33.415911280750144,,3.548279061428995,,1.2976236891280617e+21,,,2.463402066564054e-41,37.830905272904104,9.632981602063699e-59,4.903044196720766,0.0014997062164191911,,,
10.1039/D2TC05204K,Zn,7.5,O2,,MOCVD,exp,33.28722697555956,,3.6329265091260945,,9.653709032023404e+20,5.900000000000006e+16,16.770852011642145,9.322250460036663e-43,82.00494787746804,7.902045379089472e-60,4.903044196720766,0.0007534964370623574,,,
10.1016/j.apsusc.2019.01.177,Zn,9.7,O2_plasma,200.0,PLD,exp,32.10582144508536,,3.747752841407645,,6.374488684426252e+19,,,1.0978001482353624e-44,37.89767070921419,4.300455901022228e-62,4.903044196720766,8.599989275152807e-09,,,
10.1039/D3TC03599A,Zn,6.34,O2,600.0,MOCVD,exp,33.14903515266934,2.681241237375587,3.6432675988371757,,7.045020099295247e+20,,,6.248821308872087e-43,82.00736461725343,5.296996146607528e-60,4.903044196720766,0.00020858051042335182,,,
10.1007/s13391-017-7072-y,Zn,0.69,,650.0,RF magnetron sputtering,exp,32.412593890148855,2.404833716619938,3.540814362726058,,1.292145905777304e+20,,,3.2880371846741355e-41,37.857612209253425,1.2866743229209904e-58,4.903044196720766,0.0007425500827879686,,,
10.1007/s13391-017-7072-y,Zn,0.88,,650.0,RF magnetron sputtering,exp,32.51797326941611,2.404833716619938,3.5415862882867324,,1.647085877290336e+20,,,3.191309622379501e-41,37.850215325426035,1.248578900950447e-58,4.903044196720766,0.0007425500827879686,,,
10.1007/s13391-017-7072-y,Zn,0.96,,650.0,RF magnetron sputtering,exp,32.555641057496516,2.404833716619938,3.5419479135928897,,1.796349170734711e+20,,,3.1469794281333907e-41,37.84807005959499,1.2311652203498354e-58,4.903044196720766,0.0007425500827879686,,,
10.1007/s13391-017-7072-y,Zn,1.83,,650.0,RF magnetron sputtering,exp,32.83440873954419,2.404833716619938,3.545875083227455,,3.413328049647729e+20,,,2.703462549410295e-41,37.83773169530019,1.0573630911756715e-58,4.903044196720766,0.0007425500827879686,,,
10.1007/s13391-017-7072-y,Zn,2.49,,650.0,RF magnetron sputtering,exp,32.9671364804975,2.404833716619938,3.548402405105035,,4.6334008887135974e+20,,,2.4516768083356263e-41,37.83506400126273,9.588184611536425e-59,4.903044196720766,0.0007425500827879686,,,
10.1007/s13391-017-7072-y,Zn,3.03,,650.0,RF magnetron sputtering,exp,33.051600200496125,2.404833716619938,3.550186983846483,,5.62801910719825e+20,,,2.2881453857080817e-41,37.83382645622396,8.94834208767552e-59,4.903044196720766,0.0007425500827879686,,,
10.1016/j.elecom.2013.08.011,Zn,0.59,Ar,600.0,,exp,32.34416660702365,,3.5422994467227378,,1.1038333429108767e+20,,,3.1044767184339944e-41,37.86376519810632,1.2150409111667817e-58,4.903044196720766,0.0005161101989833623,,,
10.1016/j.elecom.2013.08.011,Zn,0.68,Ar,600.0,,exp,32.40554473696463,,3.543115554206146,,1.2714664074339264e+20,,,3.008003968985159e-41,37.85819161245861,1.1771097731729209e-58,4.903044196720766,0.0005161101989833623,,,
10.1016/j.elecom.2013.08.011,Zn,1.0,Ar,600.0,,exp,32.572052355688584,,3.545818074272733,,1.8657721866451917e+20,,,2.709430816281316e-41,37.847205678532475,1.0599626980425968e-58,4.903044196720766,0.0005161101989833623,,,
10.1002/aelm.202300679,Si,2.0,,825.0,MOCVD,exp,20.862699649288004,,0.14196040265523635,,254076590661.2412,1.400000000000012e+20,20.14612803567824,4.120730600807054e+16,82.02626861131792,0.34938630210414884,4.901353241148174,-9.582959664796592e-05,,,
10.1002/aelm.202300679,Si,10.0,,825.0,MOCVD,exp,21.35371281998151,,0.14196023885025255,,254109238163.9658,1.400000000000012e+20,20.14612803567824,4.120756695594248e+16,82.0063968718846,0.3493038715166327,4.9013532402796605,-9.583046516135538e-05,,,
10.1016/j.physb.2011.08.061,Si,13.8,,,RF magnetron sputtering,exp,21.903628188907792,,0.15499270673097687,,161255941490.2785,,,2.4896287076123468e+16,37.832322356817635,0.09735903939102337,4.901447447406804,-9.704309754243355e-05,,,
10.1016/j.optmat.2020.110145,Si,1.1,,,MOCVD,exp,20.821819296086524,,0.1549943447153348,,161225462999.1604,,,2.4894710169001796e+16,82.0554336768652,0.21115098668395219,4.901447461813467,-9.702869088025999e-05,,,
10.1016/j.optmat.2020.110145,Si,1.6,,,MOCVD,exp,20.9846061782683,,0.1549928069046116,,161237067005.09384,,,2.4896190634901504e+16,82.034716008597,0.21111022826680295,4.901447448287853,-9.704221649393236e-05,,,
10.1002/pssb.202000362,Si,1.0,Ar,,PLD,exp,21.116391418679296,,0.1549948754098791,,161221751230.58136,,,2.4894199284434384e+16,37.85813465418719,0.0974172956153195,4.901447466481226,-9.702402312097727e-05,,,
10.1063/5.0050468,Zn,0.25,air,1200.0,,exp,31.062011931578837,,3.793417598889924,,5.683215836495629e+18,,,1.8766752353828477e-45,39.17684050763743,7.599713622201754e-63,4.903044196720766,0.0016950832364287984,,,
10.1016/j.matlet.2017.08.052,Mg,4.92,,800.0,RF magnetron sputtering,exp,33.268385800579296,,3.6691010979150978,,9.2444564456137e+20,,,2.300458600826484e-43,37.83173899083437,8.995999494872115e-61,4.903044196720766,0.0015003372683955092,,,
10.1016/j.matlet.2017.08.052,Mg,6.88,,800.0,RF magnetron sputtering,exp,33.27764304524188,,3.6690429958523763,,9.443296419175814e+20,,,2.3056346686279704e-43,37.83167563293469,9.016225534560368e-61,4.903044196720766,0.0015003372683955092,,,
10.1016/j.matlet.2017.08.052,Mg,8.58,,800.0,RF magnetron sputtering,exp,33.27764304524188,,3.6690429958523763,,9.443296419175814e+20,,,2.3056346686279704e-43,37.83167563293469,9.016225534560368e-61,4.903044196720766,0.0015003372683955092,,,
10.1016/j.mssp.2022.106471,Mg,1.91,O2_plasma,800.0,RF magnetron sputtering,exp,32.74224035281801,,3.7518302910351213,,2.756378085540408e+20,542999999999.99915,11.734799829588846,9.376162943925992e-45,37.840283876347925,3.667399551225713e-62,4.903044196720766,0.0007540422879694568,,,
10.1016/j.mssp.2022.106471,Mg,3.28,O2_plasma,800.0,RF magnetron sputtering,exp,32.99320969946061,,3.747626422691177,,4.909956067179578e+20,542999999999.99915,11.734799829588846,1.1031816417501893e-44,37.83464942332134,4.314350611823998e-62,4.903044196720766,0.0007540422879694568,,,
10.1016/j.mssp.2022.106471,Mg,5.22,O2_plasma,800.0,RF magnetron sputtering,exp,33.20304278678415,,3.7453139570841527,,7.954984827803949e+20,542999999999.99915,11.734799829588846,1.2064094722728895e-44,37.83223760668522,4.717755858811185e-62,4.903044196720766,0.0007540422879694568,,,
10.1016/j.mssp.2024.108361,Mg,1.0,O2_plasma,800.0,RF magnetron sputtering,exp,32.430573507346594,4.309630167425898,3.758629979570737,,1.3453280621366514e+20,,,7.207678495027383e-45,37.856186477771246,2.8204016763794973e-62,4.903044196720766,0.0007540422879694568,,,
10.1016/j.mssp.2024.108361,Mg,2.0,O2_plasma,800.0,RF magnetron sputtering,exp,32.7639210209684,4.309630167425898,3.7514151024483438,,2.897365459200591e+20,,,9.52796180289319e-45,37.83962129340333,3.7267090173467614e-62,4.903044196720766,0.0007540422879694568,,,
10.1016/j.mssp.2024.108361,Mg,3.0,O2_plasma,800.0,RF magnetron sputtering,exp,32.95232320232007,4.309630167425898,3.7482139711804336,,4.469256645672132e+20,,,1.0783919713108648e-44,37.83531377265437,4.217476597478657e-62,4.903044196720766,0.0007540422879694568,,,
10.1007/s10853-019-03663-w,Ti,0.01,,500.0,PLD,exp,28.853539578038085,,1.2412421335174746,,299536741.66514736,,,0.014062091157206913,82.1023534940191,1.1933949918931165e-19,4.903044194644985,0.0002121909179385318,,,
10.1007/s10853-019-03663-w,Ti,1.0,,500.0,PLD,exp,30.162411413322925,,1.2152759342527766,,817976305.0135278,,,0.03839395553816701,42.13277555142709,1.6720975978650034e-19,4.903044193819511,0.00021219009246506164,,,
10.1007/s10853-019-03663-w,Ti,1.5,,500.0,PLD,exp,30.292849525356875,,1.2126878295272747,,904107549.9904655,,,0.04243665103151452,40.85765447008429,1.7922278855324937e-19,4.90304419372106,0.00021218999401439263,,,
10.1007/s10853-019-03663-w,Ti,4.0,,500.0,PLD,exp,30.610135295759864,,1.2063923138667523,,1153405520.3241725,,,0.05413786337160769,39.08449152758832,2.187178729174245e-19,4.903044193467408,0.00021218974036125882,,,
10.1007/s10853-019-03663-w,Ti,5.0,,500.0,PLD,exp,30.682545519974806,,1.2049555586627942,,1219323008.1421542,,,0.057231817354900155,38.85261780604931,2.2984577147858706e-19,4.9030441934065765,0.00021218967952982265,,,
10.1002/pssr.202100411,Ti,11.0,N2,900.0,PLD,exp,30.537685292216516,,1.1960607965447787,,2150131242533.1072,,,0.08073520712517687,39.367628788155116,3.2853445002784853e-19,4.903044193003823,0.0017237008122777209,,,
10.1039/c9tc05823k,Fe,5.38,,750.0,MBE,exp,28.999999999870333,,1.0366575161308917,,42307332.61823849,,,38.452113436168005,89.00761143451014,3.537741181511526e-16,4.903044167693686,0.0012612855055017488,,,
10.1039/c9tc05823k,Fe,9.52,,750.0,MBE,exp,28.999999999870333,,1.0366575161308917,,42307332.61823849,,,38.452113436168005,89.00761143451014,3.537741181511526e-16,4.903044167693686,0.0012612855055017488,,,
10.1039/c9tc05823k,Fe,9.62,,750.0,MBE,exp,28.999999999870333,,1.0366575161308917,,42307332.61823849,,,38.452113436168005,89.00761143451014,3.537741181511526e-16,4.903044167693686,0.0012612855055017488,,,
,Ta,0.2,N2,850.0,RF magnetron sputtering,exp,31.469872388031874,2.307496037913213,0.8778054866265466,,2283900671301.492,,,17927.38140481542,37.937203098036946,7.030089650277685e-14,4.903043971647855,0.0016653954491611194,,,
,Ta,0.5,N2,850.0,RF magnetron sputtering,exp,31.854604652464417,2.307496037913213,0.8705025094372214,,3070980221488.989,,,23779.431918707305,37.86501980988861,9.30718527210521e-14,4.903043949424988,0.001665373226294749,,,
,Ta,1.0,N2,850.0,RF magnetron sputtering,exp,32.14706336908229,2.307496037913213,0.8648651573650845,,3847814159127.1523,,,29573.64272621146,37.84471554988937,1.1568811979607948e-13,4.903043930780984,0.0016653545822899016,,,
,Ta,1.4,N2,850.0,RF magnetron sputtering,exp,32.2894616049447,2.307496037913213,0.8621019966467252,,4295203725324.1763,,,32909.69663755252,37.83954275707991,1.2872071824432006e-13,4.903043921135675,0.0016653449369801476,,,
,Ta,1.5,N2,850.0,RF magnetron sputtering,exp,32.31869389097076,2.307496037913213,0.8615335519451115,,4393379590394.6704,,,33641.34336185276,37.838718708720464,1.3157956526491964e-13,4.903043919108441,0.0016653429097474239,,,
,Ta,1.53,N2,850.0,RF magnetron sputtering,exp,32.32708636505424,2.307496037913213,0.8613702833058152,,4421983851432.722,,,33854.47802026214,37.8384946535647,1.324124032564151e-13,4.903043918523428,0.00166534232473403,,,
,Ta,1.79,N2,850.0,RF magnetron sputtering,exp,32.39363466588538,2.307496037913213,0.8600745759809776,,4655600309961.872,,,35594.512325828306,37.836897189877526,1.3921218744657826e-13,4.90304391383681,0.0016653376381161914,,,
10.1016/j.mssp.2021.106040,Ta,10.0,,600.0,RF magnetron sputtering,exp,32.986235963187184,,0.8864735833262154,,91033111168.63873,,,12820.331134870468,37.83070409436302,5.013284631390679e-14,4.9030439954477645,0.0005159089259820104,,,
10.1016/j.optmat.2022.112491,Ta,0.5,,850.0,RF magnetron sputtering,exp,31.854604652464417,,0.8705025094372214,,3070980221488.989,,,23779.431918707305,37.86501980988861,9.30718527210521e-14,4.903043949424988,0.001665373226294749,,,
10.1016/j.optmat.2022.112491,Ta,1.0,,850.0,RF magnetron sputtering,exp,32.14706336908229,,0.8648651573650845,,3847814159127.1523,,,29573.64272621146,37.84471554988937,1.1568811979607948e-13,4.903043930780984,0.0016653545822899016,,,
10.1016/j.optmat.2022.112491,Ta,1.3,,850.0,RF magnetron sputtering,exp,32.2580747787689,,0.8627119013940341,,4192265933831.5215,,,32142.372523727754,37.8405082078771,1.2572266726240603e-13,4.903043923294305,0.0016653470956119766,,,
10.1016/j.optmat.2022.112491,Ta,1.5,,850.0,RF magnetron sputtering,exp,32.31869389097076,,0.8615335519451115,,4393379590394.6704,,,33641.34336185276,37.838718708720464,1.3157956526491964e-13,4.903043919108441,0.0016653429097474239,,,
10.1063/1.4964638,Sn,2.0,,400.0,PLD,exp,26.99952557875802,,0.5546615972488294,,96268.32186922926,,,4809448437.412943,38.552482125057836,1.9165771807359298e-08,4.903029710724234,5.044031502673511e-05,,,
10.1063/1.4964638,Sn,3.0,,400.0,PLD,exp,27.110922037130052,,0.5557685013936178,,91800.4184695551,,,4607868766.713676,38.38761173342039,1.8283944354144507e-08,4.903029915577737,5.064516852974474e-05,,,
10.1063/1.4964638,Sn,7.0,,400.0,PLD,exp,27.252029042104862,,0.5566317787674651,,87300.83848690041,,,4456538678.981619,38.220424347709454,1.7606453348486776e-08,4.903030073334889,5.080292568162236e-05,,,
10.1063/1.4964638,Sn,8.0,,400.0,PLD,exp,27.252029042104862,,0.5566317787674651,,87300.83848690041,,,4456538678.981619,38.220424347709454,1.7606453348486776e-08,4.903030073334889,5.080292568162236e-05,,,
10.1364/OME.8.003506,Sn,0.3,,650.0,RF magnetron sputtering,exp,22.38256882263597,0.3010299956639812,0.27853921492950384,,2012050287.7390547,,,209289187214215.06,38.49939744915675,0.0008328742197156059,4.902571402389862,0.00026975575188312195,,,
10.1364/OME.8.003506,Sn,0.5,,650.0,RF magnetron sputtering,exp,22.578539330050678,0.3010299956639812,0.28136300172285367,,1890863951.3734322,,,187633034167565.16,38.27338121113404,0.0007423091743983141,4.902587003640081,0.0002853570021022398,,,
10.1364/OME.8.003506,Sn,0.7,,650.0,RF magnetron sputtering,exp,22.7018971687271,0.3010299956639812,0.28315610055125795,,1844249595.5731158,,,175059865349781.3,38.17139480847444,0.0006907220421159376,4.902596667707467,0.00029502106948847494,,,
10.1364/OME.8.003506,Sn,0.9,,650.0,RF magnetron sputtering,exp,22.791364445443715,0.3010299956639812,0.2844568702415957,,1828076860.701027,,,166469485282063.28,38.11213536897869,0.0006558078557072547,4.902603562142386,0.00030191550440764856,,,
10.1364/OME.8.003506,Sn,1.2,,650.0,RF magnetron sputtering,exp,22.891589589754048,0.3010299956639812,0.28592600385132716,,1831015550.995645,,,157273044856202.16,38.05779556870157,0.0006186950187638809,4.902611232886964,0.0003095862489856721,,,
10.1364/OME.8.003506,Sn,1.5,,650.0,RF magnetron sputtering,exp,22.967750677699705,0.3010299956639812,0.28704351022328467,,1850676150.956001,,,150619439144576.38,38.02351389837704,0.0005919867289078071,4.902616986104323,0.0003153394663439533,,,
10.1016/j.mssp.2020.105430,Sn,0.82,N2,900.0,RF magnetron sputtering,exp,20.36472028171244,2.0211892990699383,0.12804695739846217,,573137981421.051,,,7.055170560583759e+16,37.98174416603026,0.2769881037535542,4.901321777569698,1.2853781516466729e-06,,,
10.1016/j.mssp.2020.105430,Sn,1.0,N2,900.0,RF magnetron sputtering,exp,20.444461095300483,2.0211892990699383,0.12912445302889441,,595316353723.6206,,,6.7674949593579896e+16,37.957985659783034,0.2655276757234132,4.9013206266117155,1.344201697997191e-07,,,
10.1016/j.jpcs.2014.06.005,Zn,3.0,,500.0,PLD,exp,33.033122853828814,,3.5717408602071803,,5.395595940004228e+20,,,9.940184128181479e-42,37.83407208473135,3.8873729801925206e-59,4.903044196720766,0.0002121929937199669,,,
10.1016/j.jpcs.2014.06.005,Zn,5.0,,500.0,PLD,exp,33.248141376888356,,3.5780978274564403,,8.852581810417022e+20,,,7.773240050006786e-42,37.83188357142298,3.039756106914873e-59,4.903044196720766,0.0002121929937199669,,,
10.1016/j.jpcs.2014.06.005,Zn,5.26,,500.0,PLD,exp,33.26938993318588,,3.578732405575261,,9.296495378003475e+20,,,7.584756388240132e-42,37.8317320365064,2.9660369489003013e-59,4.903044196720766,0.0002121929937199669,,,
10.1016/j.jpcs.2014.06.005,Zn,7.0,,500.0,PLD,exp,33.3888436599254,,3.582318844877309,,1.2239848620151944e+21,,,6.602252168476245e-42,37.83103296781327,2.5817786389188147e-59,4.903044196720766,0.0002121929937199669,,,
10.1016/j.jlumin.2020.117048,Zn,8.38,,1000.0,thermal evaporation,exp,33.49307321952455,,3.5502309016726548,,1.5164374659793405e+21,,,2.2842615444943462e-41,37.83059138911255,8.93238954427003e-59,4.903044196720766,0.0016868836917698629,,,
10.1016/j.mtphys.2020.100263,Zn,7.0,,750.0,RF magnetron sputtering,exp,33.41497288716014,,3.550509151727667,,1.2970147370543331e+21,560000000000000.4,14.7481880270062,2.2598074355652586e-41,37.83090953544949,8.836838370492377e-59,4.903044196720766,0.0012613145325825257,,,
10.1039/D2TC05204K,Zn,7.5,O2,600.0,MOCVD,exp,33.21069403053322,,3.645353903869552,,8.119670706876638e+20,5.900000000000006e+16,16.770852011642145,5.764341788777134e-43,82.0061670974665,4.886241558633324e-60,4.903044196720766,0.00020858051042335182,,,
10.1007/s13391-017-7072-y,Zn,0.69,,650.0,RF magnetron sputtering,exp,32.412593890148855,2.404833716619938,3.540814362726058,,1.292145905777304e+20,,,3.2880371846741355e-41,37.857612209253425,1.2866743229209904e-58,4.903044196720766,0.0007425500827879686,,,
10.1007/s13391-017-7072-y,Zn,0.88,,650.0,RF magnetron sputtering,exp,32.51797326941611,2.404833716619938,3.5415862882867324,,1.647085877290336e+20,,,3.191309622379501e-41,37.850215325426035,1.248578900950447e-58,4.903044196720766,0.0007425500827879686,,,
10.1007/s13391-017-7072-y,Zn,0.96,,650.0,RF magnetron sputtering,exp,32.555641057496516,2.404833716619938,3.5419479135928897,,1.796349170734711e+20,,,3.1469794281333907e-41,37.84807005959499,1.2311652203498354e-58,4.903044196720766,0.0007425500827879686,,,
10.1007/s13391-017-7072-y,Zn,1.83,,650.0,RF magnetron sputtering,exp,32.83440873954419,2.404833716619938,3.545875083227455,,3.413328049647729e+20,,,2.703462549410295e-41,37.83773169530019,1.0573630911756715e-58,4.903044196720766,0.0007425500827879686,,,
10.1007/s13391-017-7072-y,Zn,2.49,,650.0,RF magnetron sputtering,exp,32.9671364804975,2.404833716619938,3.548402405105035,,4.6334008887135974e+20,,,2.4516768083356263e-41,37.83506400126273,9.588184611536425e-59,4.903044196720766,0.0007425500827879686,,,
10.1007/s13391-017-7072-y,Zn,3.03,,650.0,RF magnetron sputtering,exp,33.051600200496125,2.404833716619938,3.550186983846483,,5.62801910719825e+20,,,2.2881453857080817e-41,37.83382645622396,8.94834208767552e-59,4.903044196720766,0.0007425500827879686,,,
10.1016/j.physb.2011.08.061,Si,13.8,,600.0,RF magnetron sputtering,exp,24.054502636132412,,0.2852611396973215,,1717933210.8595836,,,161370265580167.25,37.83266308935448,0.0006310577755290563,4.90260777661663,7.969009484725888e-05,,,
10.1016/j.optmat.2020.110145,Si,1.1,,650.0,MOCVD,exp,22.362852582930728,,0.2467310911001963,,6437212966.701072,8.300000000000098e+18,18.91907809237608,716306146698238.0,82.05545136222725,0.006075538988600178,4.90236057539702,5.892875904117971e-05,,,
10.1016/j.optmat.2020.110145,Si,1.6,,650.0,MOCVD,exp,22.525707878282056,,0.24673408760125692,,6437075932.933239,8.300000000000098e+18,18.91907809237608,716223124896857.1,82.03472362713975,0.006073300274985206,4.90236059849209,5.895185411288568e-05,,,
10.1002/pssb.202000362,Si,1.0,Ar,600.0,PLD,exp,23.303299365655512,,0.28517811905639157,,1718081627.1288507,3.300000000000004e+17,17.518513939877888,161889319755157.4,37.85814580766211,0.000633514024116085,4.902607343279556,7.92567577725137e-05,,,
10.3390/ma16134742,Sn,1.55,Ar 200 sccm + O2 5 sccm,,"CVD (chemical vapor deposition), 1160 C,",exp,22.442264532845837,3.0,0.2450329238742741,,53231286783.47795,,,764938498647552.4,37.94382829650769,0.0030001734334322177,4.902347384588117,0.0001879017919185505,,,
10.3390/ma16134742,Sn,1.55,Ar 200 sccm + O2 5 sccm,,"CVD, 1160 C, 1 h",exp,22.442264532845837,,0.2450329238742741,4300.0,53231286783.47795,,,764938498647552.4,37.94382829650769,0.0030001734334322177,4.902347384588117,0.0001879017919185505,,,
10.15251/djnb.2025.202.465,Sn,7.2,measured in dark; film anneale,,MSM Au-finger photodetector on spin-coat,exp,21.939332093957812,,0.19270664576767516,27.4,151169977772.56293,,,5789672426714258.0,37.86870217902047,0.022662776170946867,4.901845752536634,0.0003012620322862278,,,
10.15251/djnb.2025.202.465,Sn,14.4,measured in dark; film anneale,,MSM Au-finger photodetector on spin-coat,exp,21.939332093957812,,0.19270664576767516,32.0,151169977772.56293,,,5789672426714258.0,37.86870217902047,0.022662776170946867,4.901845752536634,0.0003012620322862278,,,
10.15251/djnb.2025.202.465,Sn,21.6,measured in dark; film anneale,,MSM Au-finger photodetector on spin-coat,exp,21.939332093957812,,0.19270664576767516,339.0,151169977772.56293,,,5789672426714258.0,37.86870217902047,0.022662776170946867,4.901845752536634,0.0003012620322862278,,,
10.15251/djnb.2025.202.465,Sn,28.8,measured in dark; film anneale,,MSM Au-finger photodetector on spin-coat,exp,21.939332093957812,,0.19270664576767516,34.0,151169977772.56293,,,5789672426714258.0,37.86870217902047,0.022662776170946867,4.901845752536634,0.0003012620322862278,,,
Original CSV Si,Si,2.34,Ar,800.0,RF magnetron sputtering,exp,21.484391704924143,4.2788,0.15491253289182527,2.3,161693192206.28638,,,2.497359356168301e+16,37.83928976214712,0.09767933879441282,4.901446742875102,-9.711657726935402e-05,,,
Original CSV Sn,Sn,2.65,Ar,800.0,RF magnetron sputtering,exp,21.630910683972058,3.2964,0.188140796039872,11.1,101283457758.74918,,,6908008541467370.0,37.90545096356692,0.027066570362476988,4.901795323267613,0.0002514638152423003,,,
Original CSV Mg,Mg,1.01,Ar,800.0,RF magnetron sputtering,exp,32.57782411555941,4.0969,3.679963715896283,11.0,1.8880914945353174e+20,,,1.511229670401506e-43,37.8469112501732,5.9120705639507796e-61,4.903044196720766,0.0015003372683955092,,,
Original CSV Zn,Zn,2.63,Ar,,RF magnetron sputtering,exp,32.99216404809268,4.2299,3.544857875678743,17.0,4.89818148903469e+20,,,2.811957111532097e-41,37.834665457895895,1.099707751376123e-58,4.903044196720766,0.0014997062164191911,,,
,Si,0.5,,,MOCVD,transport,20.47911191054981,,0.15500109441326426,,161180970108.94678,,,2.4888213207426464e+16,82.1482930497264,0.21133477111185053,4.901447521184886,-9.696931946150209e-05,1.83e+16,,
,Si,0.5,,,MOCVD,transport,20.47911191054981,,0.15500109441326426,,161180970108.94678,,,2.4888213207426464e+16,82.1482930497264,0.21133477111185053,4.901447521184886,-9.696931946150209e-05,8.64e+16,,
,Si,0.5,,,MOCVD,transport,20.47911191054981,,0.15500109441326426,,161180970108.94678,,,2.4888213207426464e+16,82.1482930497264,0.21133477111185053,4.901447521184886,-9.696931946150209e-05,3.35e+17,,
,Si,0.5,,,MOCVD,transport,20.47911191054981,,0.15500109441326426,,161180970108.94678,,,2.4888213207426464e+16,82.1482930497264,0.21133477111185053,4.901447521184886,-9.696931946150209e-05,6.55e+17,,
,Si,0.5,,,MOCVD,transport,20.47911191054981,,0.15500109441326426,,161180970108.94678,,,2.4888213207426464e+16,82.1482930497264,0.21133477111185053,4.901447521184886,-9.696931946150209e-05,33000000000000.0,100.0,
,Si,5.235602094240837e-05,,,movpe,transport,17.328860960901416,,0.1640857962910136,,113432399986.5021,,,1.7515161930466974e+16,88.48823080236659,0.16020584775499924,4.901534105300507,-1.0385203840983822e-05,2e+16,,
,Si,0.0005235602094240837,,,movpe,transport,17.739194821893964,,0.16006471273924472,,132516312891.54239,,,2.0462146079775204e+16,80.31470808744314,0.1698732366239849,4.901494293982028,-5.0196522320154215e-05,2e+17,,
,Si,0.005235602094240837,,,movpe,transport,18.73546065983425,,0.15605474987294166,,154743803341.74878,,,2.389451694497494e+16,51.521751054100065,0.12725286402232053,4.901456893766857,-8.759673749054531e-05,2e+18,,
,Si,0.05235602094240837,,,movpe,transport,19.826583753235624,,0.15511077381299465,,160496992964.0537,,,2.478287787608718e+16,38.942588693695235,0.09975972655587544,4.901448487156739,-9.600334760805041e-05,2e+19,,
,Si,0.5,,,,transport,20.81509712291117,,0.15500109441326426,,161180970108.94678,,,2.4888213207426464e+16,37.89774169239082,0.09749576368396766,4.901447521184886,-9.696931946150209e-05,1e+18,300.0,
,Mg,0.5,,,,transport,32.269600345417146,,3.6875293738781734,,9.28703961489181e+19,,,1.1278023921924782e-43,37.87200262289091,4.4149925763830525e-61,4.903044196720766,0.0014997062164191911,7e+17,24.8,
,Sn,3.0,,,lpcvd,transport,21.675094456782244,,0.18885066518074556,,105663232181.37906,,,6720913013675896.0,37.89879531001237,0.02632887940761834,4.901803189529032,0.00025869902468463583,2e+16,,
,Sn,5.0,,,lpcvd,transport,21.847583227300973,,0.19136386388946747,,131642063777.87067,,,6098326061890585.0,37.87728882027897,0.023876365713937787,4.901830967787387,0.0002864772830397514,8e+16,,
,Si,1.0,,,pulsed laser deposition,transport,21.116391418679296,,0.1549948754098791,,161221751230.58136,,,2.4894199284434384e+16,37.85813465418719,0.0974172956153195,4.901447466481226,-9.702402312097727e-05,1.2e+20,,
,Si,0.5,,,lpcvd,transport,20.81509712291117,,0.15500109441326426,,161180970108.94678,,,2.4888213207426464e+16,37.89774169239082,0.09749576368396766,4.901447521184886,-9.696931946150209e-05,1.51e+17,162.0,
,Si,0.5,,,lpcvd,transport,20.81509712291117,,0.15500109441326426,,161180970108.94678,,,2.4888213207426464e+16,37.89774169239082,0.09749576368396766,4.901447521184886,-9.696931946150209e-05,1.15e+17,149.0,
,Si,0.5,,,lpcvd,transport,20.81509712291117,,0.15500109441326426,,161180970108.94678,,,2.4888213207426464e+16,37.89774169239082,0.09749576368396766,4.901447521184886,-9.696931946150209e-05,1.19e+19,,
,Si,0.013089005235602092,,,sputtering,transport,19.18817508824495,,0.15545535915274744,,158372381715.56616,,,2.4454831195477224e+16,43.39533209285124,0.1096948860099642,4.901451536762188,-9.295374215851314e-05,4e+18,70.0,
,Si,0.13089005235602094,,,sputtering,transport,20.23077618547756,,0.15503752201497445,,160952608603.68137,,,2.485317885025707e+16,38.19127463754893,0.09811260207734449,4.901447841757646,-9.664874670134774e-05,4e+19,70.0,
,Si,0.2617801047120419,,,sputtering,transport,20.5334457111549,,0.15501281548502188,,161106974951.3133,,,2.487693504751139e+16,37.98250472814381,0.0976695458650823,4.901447624305925,-9.686619842172526e-05,8e+19,70.0,
,Si,0.5,,,mocvd,transport,20.47911191054981,,0.15500109441326426,,161180970108.94678,,,2.4888213207426464e+16,82.1482930497264,0.21133477111185053,4.901447521184886,-9.696931946150209e-05,3430000000000000.0,196.0,
,Si,0.5,,,mocvd,transport,20.47911191054981,,0.15500109441326426,,161180970108.94678,,,2.4888213207426464e+16,82.1482930497264,0.21133477111185053,4.901447521184886,-9.696931946150209e-05,4380000000000000.0,194.0,
,Si,0.5,,,mocvd,transport,20.47911191054981,,0.15500109441326426,,161180970108.94678,,,2.4888213207426464e+16,82.1482930497264,0.21133477111185053,4.901447521184886,-9.696931946150209e-05,8300000000000000.0,200.0,
,Cr,1.0,,,edge-defined film-fed growth,transport,17.25003167768705,,0.16509934130318715,,109049840368.96637,,,1.6841877429113956e+16,89.53571459528638,0.15587106473587128,4.90154444030938,-5.01949664624907e-08,1e+18,,
,Si,1.0,,,pulsed laser deposition,transport,21.116391418679296,,0.1549948754098791,,161221751230.58136,,,2.4894199284434384e+16,37.85813465418719,0.0974172956153195,4.901447466481226,-9.702402312097727e-05,1e+20,2.9,
,Si,2.0,,,mocvd,transport,21.081540820974574,,0.1549922464196598,,161242175039.4044,,,2.489673024130291e+16,82.02627015357383,0.21109306867428188,4.901447443358293,-9.704714605413781e-05,1e+19,1.5,14.285714285714285
,Si,2.0,,,mocvd,transport,21.081540820974574,,0.1549922464196598,,161242175039.4044,,,2.489673024130291e+16,82.02627015357383,0.21109306867428188,4.901447443358293,-9.704714605413781e-05,,30.0,3.3333333333333335
,Si,0.5,,,MOCVD,transport,20.47911191054981,,0.15500109441326426,,161180970108.94678,,,2.4888213207426464e+16,82.1482930497264,0.21133477111185053,4.901447521184886,-9.696931946150209e-05,1.83e+16,,
,Si,0.5,,,MOCVD,transport,20.47911191054981,,0.15500109441326426,,161180970108.94678,,,2.4888213207426464e+16,82.1482930497264,0.21133477111185053,4.901447521184886,-9.696931946150209e-05,8.64e+16,,
,Si,0.5,,,MOCVD,transport,20.47911191054981,,0.15500109441326426,,161180970108.94678,,,2.4888213207426464e+16,82.1482930497264,0.21133477111185053,4.901447521184886,-9.696931946150209e-05,3.35e+17,,
,Si,0.5,,,MOCVD,transport,20.47911191054981,,0.15500109441326426,,161180970108.94678,,,2.4888213207426464e+16,82.1482930497264,0.21133477111185053,4.901447521184886,-9.696931946150209e-05,6.55e+17,,
,Si,2.0,,,LPCVD,transport,21.417526033335935,,0.1549922464196598,,161242175039.4044,,,2.489673024130291e+16,37.84144846915673,0.09738425830503238,4.901447443358293,-9.704714605413781e-05,5.14e+17,2.0,
,Si,2.0,,,LPCVD,transport,21.417526033335935,,0.1549922464196598,,161242175039.4044,,,2.489673024130291e+16,37.84144846915673,0.09738425830503238,4.901447443358293,-9.704714605413781e-05,4.65e+19,7.0,
,Sn,1.0,,,pulsed electron deposition,transport,21.27918586705831,,0.18316190773977503,,79510306839.22638,,,8375080334806762.0,37.99139542287716,0.032889170675804096,4.901740025616986,0.0001955351126393391,,,1e-05
,Ge,1.0,,,pulsed electron deposition,transport,20.041745997949867,,0.092298063510869,,1814232119025.3726,,,2.7974493276032624e+17,37.846700356335575,1.1560901869313192,4.902007064428993,0.0004625739246459418,,,1e-06
,Zr,1.0,,,pulsed electron deposition,transport,20.04174599805962,,0.09229806351711378,,1814232119025.4817,,,2.7974493269334496e+17,37.846700356335575,1.156090186639335,4.90200706442871,0.00046257392436258775,,,0.2
,Sn,0.5,,,pambe,transport,21.006116134122507,,0.1793411052128251,,76549272921.08055,,,9708908226048032.0,38.11878102205929,0.03825499025096971,4.901697633561911,0.0001531430575635954,2e+20,,
,Sn,0.5,,,mocataxy,transport,21.006116134122507,,0.1793411052128251,,76549272921.08055,,,9708908226048032.0,38.11878102205929,0.03825499025096971,4.901697633561911,0.0001531430575635954,3.9e+16,136.0,
,Sn,0.5,,,mocataxy,transport,21.006116134122507,,0.1793411052128251,,76549272921.08055,,,9708908226048032.0,38.11878102205929,0.03825499025096971,4.901697633561911,0.0001531430575635954,2.3e+19,,
,Sn,0.5,,,mist-CVD,transport,21.006116134122507,,0.1793411052128251,,76549272921.08055,,,9708908226048032.0,38.11878102205929,0.03825499025096971,4.901697633561911,0.0001531430575635954,1e+17,65.0,
,Si,1.0,,,mist-CVD,transport,21.116391418679296,,0.1549948754098791,,161221751230.58136,,,2.4894199284434384e+16,37.85813465418719,0.0974172956153195,4.901447466481226,-9.702402312097727e-05,3e+18,32.0,
,Zn,0.25,,,czochralski,transport,31.963233224471583,,3.5595074792275394,,4.585719226991976e+19,,,1.5955344455524318e-41,82.22317209616637,1.3560606302400916e-58,4.903044196720766,0.0014997062164191911,1e+18,,
,Zn,0.25,,,czochralski,transport,31.963233224471583,,3.5595074792275394,,4.585719226991976e+19,,,1.5955344455524318e-41,82.22317209616637,1.3560606302400916e-58,4.903044196720766,0.0014997062164191911,1e+18,,1e-11
,Zn,9.7,,,ALD,transport,33.53510798948075,,3.550181755084328,,1.7064682160732216e+21,,,2.2886082271942208e-41,37.83044755806033,8.94935281205277e-59,4.903044196720766,0.0014997062164191911,1.2e+18,12.5,2.857142857142857
,Zn,13.3,,,ALD,transport,33.53510798948075,,3.550181755084328,,1.7064682160732216e+21,,,2.2886082271942208e-41,37.83044755806033,8.94935281205277e-59,4.903044196720766,0.0014997062164191911,2.1e+18,15.3,3.571428571428571
,Zn,24.65,,,ALD,transport,33.53510798948075,,3.550181755084328,,1.7064682160732216e+21,,,2.2886082271942208e-41,37.83044755806033,8.94935281205277e-59,4.903044196720766,0.0014997062164191911,3.8e+18,18.7,5.2631578947368425
,Si,0.01,,,pulsed laser deposition,transport,19.057550296792872,,0.15558774695607092,,157563677754.14548,,,2.4329954782176836e+16,45.22625761690225,0.11373932579229934,4.901452714296262,-9.177620808500562e-05,4.6e+18,20.7,
,Si,0.03,,,pulsed laser deposition,transport,19.575834762096395,,0.15519966357620074,,159946147817.72134,,,2.4697835794574332e+16,39.99773291301824,0.1021111037106981,4.901449271701786,-9.521880256182016e-05,1.5e+19,47.5,
,Si,0.1,,,pulsed laser deposition,transport,20.11270753334642,,0.1550527285258907,,160857871832.65598,,,2.4838568530695636e+16,38.33389841841094,0.09842110726906395,4.901447975653747,-9.651485059968489e-05,3.8e+19,62.1,
,Si,0.5,,,pulsed laser deposition,transport,20.81509712291117,,0.15500109441326426,,161180970108.94678,,,2.4888213207426464e+16,37.89774169239082,0.09749576368396766,4.901447521184886,-9.696931946150209e-05,1.1e+20,75.0,
,Si,1.0,,,pulsed laser deposition,transport,21.116391418679296,,0.1549948754098791,,161221751230.58136,,,2.4894199284434384e+16,37.85813465418719,0.0974172956153195,4.901447466481226,-9.702402312097727e-05,2.6e+20,60.5,
,Ge,1.0,,,sputtering,transport,20.041745997949867,,0.092298063510869,,1814232119025.3726,,,2.7974493276032624e+17,37.846700356335575,1.1560901869313192,4.902007064428993,0.0004625739246459418,1e+18,,
,Sn,0.5,,,mist-CVD,transport,21.006116134122507,,0.1793411052128251,,76549272921.08055,,,9708908226048032.0,38.11878102205929,0.03825499025096971,4.901697633561911,0.0001531430575635954,1e+17,65.0,
,Sn,0.5,,,mist-CVD,transport,21.006116134122507,,0.1793411052128251,,76549272921.08055,,,9708908226048032.0,38.11878102205929,0.03825499025096971,4.901697633561911,0.0001531430575635954,1e+18,65.0,
,Sn,0.5,,,mist-CVD,transport,21.006116134122507,,0.1793411052128251,,76549272921.08055,,,9708908226048032.0,38.11878102205929,0.03825499025096971,4.901697633561911,0.0001531430575635954,1e+19,65.0,
,Sn,0.5,,,movpe,transport,21.006116134122507,,0.1793411052128251,,76549272921.08055,,,9708908226048032.0,38.11878102205929,0.03825499025096971,4.901697633561911,0.0001531430575635954,5e+17,10.0,
,Sn,0.5,,,movpe,transport,21.006116134122507,,0.1793411052128251,,76549272921.08055,,,9708908226048032.0,38.11878102205929,0.03825499025096971,4.901697633561911,0.0001531430575635954,2e+18,40.0,
,Sn,0.5,,,movpe,transport,21.006116134122507,,0.1793411052128251,,76549272921.08055,,,9708908226048032.0,38.11878102205929,0.03825499025096971,4.901697633561911,0.0001531430575635954,1e+18,41.0,
,Cr,1.0,,,edge-defined film-fed growth (EFG),transport,16.91404646532569,,0.16509934130318715,,109049840368.96637,,,1.6841877429113956e+16,194.08032754804077,0.33787084222134933,4.90154444030938,-5.01949664624907e-08,1e+18,,
,Si,1.0,,,pulsed laser deposition,transport,21.116391418679296,,0.1549948754098791,,161221751230.58136,,,2.4894199284434384e+16,37.85813465418719,0.0974172956153195,4.901447466481226,-9.702402312097727e-05,1.12e+20,,
,Si,1.0,,,pulsed laser deposition,transport,21.116391418679296,,0.1549948754098791,,161221751230.58136,,,2.4894199284434384e+16,37.85813465418719,0.0974172956153195,4.901447466481226,-9.702402312097727e-05,1.12e+20,,2.1321961620469083
,Mg,0.5,,,mocvd,transport,32.269600345417146,,3.6875293738781734,,9.28703961489181e+19,,,1.1278023921924782e-43,82.09250026288258,9.570071666035499e-61,4.903044196720766,0.0014997062164191911,1.78e+17,5.29,0.0308641975308642
,Mg,0.5,,,mocvd,transport,32.269600345417146,,3.6875293738781734,,9.28703961489181e+19,,,1.1278023921924782e-43,82.09250026288258,9.570071666035499e-61,4.903044196720766,0.0014997062164191911,572000000000000.0,5.29,
,Si,0.5,,,molecular beam epitaxy,transport,20.81509712291117,,0.15500109441326426,,161180970108.94678,,,2.4888213207426464e+16,37.89774169239082,0.09749576368396766,4.901447521184886,-9.696931946150209e-05,1e+17,125.0,
,Si,0.5,,,molecular beam epitaxy,transport,20.81509712291117,,0.15500109441326426,,161180970108.94678,,,2.4888213207426464e+16,37.89774169239082,0.09749576368396766,4.901447521184886,-9.696931946150209e-05,1e+16,,
,Si,0.5,,,molecular beam epitaxy,transport,20.81509712291117,,0.15500109441326426,,161180970108.94678,,,2.4888213207426464e+16,37.89774169239082,0.09749576368396766,4.901447521184886,-9.696931946150209e-05,4e+19,,
,Si,0.5,,,molecular beam epitaxy,transport,20.81509712291117,,0.15500109441326426,,161180970108.94678,,,2.4888213207426464e+16,37.89774169239082,0.09749576368396766,4.901447521184886,-9.696931946150209e-05,1.2e+20,,
,Si,0.5,,,molecular beam epitaxy,transport,20.81509712291117,,0.15500109441326426,,161180970108.94678,,,2.4888213207426464e+16,37.89774169239082,0.09749576368396766,4.901447521184886,-9.696931946150209e-05,1.5e+20,,
,Si,0.5,,,molecular beam epitaxy,transport,20.81509712291117,,0.15500109441326426,,161180970108.94678,,,2.4888213207426464e+16,37.89774169239082,0.09749576368396766,4.901447521184886,-9.696931946150209e-05,2e+18,,
,Si,0.5,,,molecular beam epitaxy,transport,20.81509712291117,,0.15500109441326426,,161180970108.94678,,,2.4888213207426464e+16,37.89774169239082,0.09749576368396766,4.901447521184886,-9.696931946150209e-05,5.3e+18,,
,Si,0.5,,,hvpe,transport,20.47911191054981,,0.15500109441326426,,161180970108.94678,,,2.4888213207426464e+16,82.1482930497264,0.21133477111185053,4.901447521184886,-9.696931946150209e-05,87000000000000.0,80.0,
,Si,0.5,,,hvpe,transport,20.47911191054981,,0.15500109441326426,,161180970108.94678,,,2.4888213207426464e+16,82.1482930497264,0.21133477111185053,4.901447521184886,-9.696931946150209e-05,60000000000000.0,,
,Sn,0.5,,,mist-CVD,transport,21.006116134122507,,0.1793411052128251,,76549272921.08055,,,9708908226048032.0,38.11878102205929,0.03825499025096971,4.901697633561911,0.0001531430575635954,1e+18,,0.07692307692307693
,Sn,0.5,,,mist-CVD,transport,21.006116134122507,,0.1793411052128251,,76549272921.08055,,,9708908226048032.0,38.11878102205929,0.03825499025096971,4.901697633561911,0.0001531430575635954,2e+19,,5.0
,Sn,0.5,,,mist-CVD,transport,21.006116134122507,,0.1793411052128251,,76549272921.08055,,,9708908226048032.0,38.11878102205929,0.03825499025096971,4.901697633561911,0.0001531430575635954,1e+20,,5.0
,Si,0.5,,,mocvd,transport,20.47911191054981,,0.15500109441326426,,161180970108.94678,,,2.4888213207426464e+16,82.1482930497264,0.21133477111185053,4.901447521184886,-9.696931946150209e-05,6.5e+17,,
,Si,0.5,,,mocvd,transport,20.47911191054981,,0.15500109441326426,,161180970108.94678,,,2.4888213207426464e+16,82.1482930497264,0.21133477111185053,4.901447521184886,-9.696931946150209e-05,3.2e+18,,
,Si,0.5,,,mocvd,transport,20.47911191054981,,0.15500109441326426,,161180970108.94678,,,2.4888213207426464e+16,82.1482930497264,0.21133477111185053,4.901447521184886,-9.696931946150209e-05,3.9e+18,,
,Zn,9.7,,,ALD,transport,33.53510798948075,,3.550181755084328,,1.7064682160732216e+21,,,2.2886082271942208e-41,37.83044755806033,8.94935281205277e-59,4.903044196720766,0.0014997062164191911,1.2e+18,12.5,2.2222222222222223
,Zn,13.3,,,ALD,transport,33.53510798948075,,3.550181755084328,,1.7064682160732216e+21,,,2.2886082271942208e-41,37.83044755806033,8.94935281205277e-59,4.903044196720766,0.0014997062164191911,2.1e+18,15.3,3.125
,Zn,24.65,,,ALD,transport,33.53510798948075,,3.550181755084328,,1.7064682160732216e+21,,,2.2886082271942208e-41,37.83044755806033,8.94935281205277e-59,4.903044196720766,0.0014997062164191911,3.8e+18,18.7,5.2631578947368425
