sample_idx,photo_dark_ratio_pred,photo_dark_ratio_pred_platt,photo_dark_ratio_std,photo_dark_ratio_true,dopant_label,photo_dark_ratio_pred_per_dopant_platt,_platt_bucket
0,2.6685274124145506,2.783194341497352,0.0873007401823997,4.0,Fe,2.65592600655789,global_fallback
1,2.463742971420288,2.550720363600957,0.1026916891336441,4.296445846557617,Sn,2.417256551177573,per_dopant:Sn
2,3.25551176071167,3.395940688268167,0.092980919778347,3.0413928031921387,Mg,3.3263104163686146,per_dopant:Mg
3,2.8967559337615967,3.0283423675257786,0.0961765766143798,1.2301933765411377,Zn,2.967915172940021,per_dopant:Zn
4,2.6440319538116457,2.723202801009484,0.0845134690403938,,undoped,2.6255114891016733,global_fallback
5,3.678266763687134,3.824290702567295,0.1192207887768745,,undoped,3.909657795105298,global_fallback
6,5.5722325325012205,5.794230971893617,0.1560841292142868,,undoped,6.261279614924657,global_fallback
7,2.8017643451690675,2.925866378055356,0.114780980348587,,undoped,2.821358182487614,global_fallback
8,3.657106733322144,3.851982109257436,0.0881919935345649,,undoped,3.883384675530646,global_fallback
9,4.273414611816406,4.458223990915274,0.1162028864026069,,undoped,4.648616591892674,global_fallback
10,2.774932622909546,2.8884894748696563,0.0858223356306552,,undoped,2.7880428688912477,global_fallback
11,3.658772325515747,3.838413237738675,0.1353124052286148,,undoped,3.88545273980609,global_fallback
12,2.344701051712036,2.443448611728131,0.1133500963449478,,undoped,2.2538505582051176,global_fallback
13,3.618638944625855,3.7795303543812127,0.1678589627146721,,undoped,3.835621567692094,global_fallback
14,4.429683828353882,4.628208784507205,0.1506202235817909,,undoped,4.84264655031463,global_fallback
15,4.251296806335449,4.45432938228397,0.1084653034806251,,undoped,4.621154261352188,global_fallback
16,4.309721851348877,4.511555727248526,0.1296747326850891,,undoped,4.693697077563452,global_fallback
17,4.311779308319092,4.511925616945375,0.1158332869410514,,undoped,4.696251696439972,global_fallback
18,4.163614845275879,4.325628595708843,0.1241873577237129,,undoped,4.512284916284064,global_fallback
19,3.714976406097412,3.863665832677905,0.0766000680625438,,undoped,3.9552379198948975,global_fallback
20,3.684634113311768,3.830750933962682,0.0851464204490184,,undoped,3.917563744916146,global_fallback
21,5.878392934799194,6.026117741901856,0.2066782265901565,,undoped,6.641420319822086,global_fallback
22,3.6044262409210206,3.728024714372169,0.0851215191185474,,undoped,3.8179745200520276,global_fallback
23,4.814160537719727,5.023528713164372,0.1409627392888069,,undoped,5.320027838743722,global_fallback
24,4.164629125595093,4.341001530231536,0.0994304731488227,,undoped,4.51354428631564,global_fallback
25,4.109787082672119,4.262769434407062,0.1033444218337535,,undoped,4.44545026534403,global_fallback
26,4.214665794372559,4.351144112983708,0.1072002917528152,,undoped,4.575671767195002,global_fallback
27,3.187173128128052,3.3234540062956044,0.0904285132884979,,undoped,3.2998967698686714,global_fallback
28,3.203470087051392,3.324909375209502,0.0755394928157329,4.505149841308594,Si,3.446314427371197,per_dopant:Si
29,3.1307679653167724,3.271125616439208,0.0771200470626354,2.384819269180298,Si,3.4010879564165455,per_dopant:Si
30,5.921429777145386,6.309049139998478,0.1947240732610225,,Si,5.137100363834652,per_dopant:Si
31,5.88390622138977,6.26825681470429,0.1970664210617542,,Si,5.113757743784426,per_dopant:Si
32,5.613457202911377,5.97254699748382,0.1618855915963649,,Si,4.945517059921377,per_dopant:Si
33,5.127751255035401,5.389722651209773,0.1521508783102035,,Si,4.643369537675764,per_dopant:Si
34,2.9471139907836914,3.059633930016679,0.092230474948883,,undoped,3.0018299754621958,global_fallback
35,2.710603857040405,2.81009056072975,0.0927452698349952,1.9777235984802248,Sn,2.6725715572821396,per_dopant:Sn
36,2.537922239303589,2.629418466434938,0.0827391169965267,2.008600234985352,Sn,2.493976199107548,per_dopant:Sn
37,2.505015182495117,2.5943455179646966,0.1007248066365718,2.004321336746216,Sn,2.459942190889384,per_dopant:Sn
38,3.5441144943237304,3.695715275748978,0.0628976859152317,0.6989700198173523,Sn,3.5346270137860643,per_dopant:Sn
39,2.973289585113525,3.0816309880162485,0.0849843606352806,1.4913617372512815,Sn,2.944253351253252,per_dopant:Sn
40,3.65005841255188,3.820055885420621,0.0982224538922309,3.397939920425415,Sn,3.6441991400514873,per_dopant:Sn
41,4.020585775375366,4.18948829492483,0.1235748872160911,4.0,Sn,4.0274157669527,per_dopant:Sn
42,2.902472734451294,3.02768320156473,0.0907423451542854,2.9095559120178223,Sn,2.8710112715543357,per_dopant:Sn
43,2.126747298240661,2.1867282496982945,0.0923167943954467,2.9095559120178223,Sn,2.0687199568161962,per_dopant:Sn
44,2.874630212783813,2.981586084345984,0.0921562187373638,,Sn,2.842215241062739,per_dopant:Sn
45,2.715430736541748,2.826554808710436,0.1003802806138992,3.033423662185669,Sn,2.6775637404959993,per_dopant:Sn
46,2.299034070968628,2.3868504871285507,0.1215373590588569,2.698970079421997,Sn,2.2469069479236783,per_dopant:Sn
47,2.0237276554107666,2.0881082949874807,0.1302213758230209,2.0,Sn,1.9621722521365639,per_dopant:Sn
48,3.433683490753174,3.5876008241722674,0.0664604157209396,3.939519166946411,Mg,3.611286461706543,per_dopant:Mg
49,2.4259963989257813,2.504339619000535,0.1297006115317344,2.0,Mg,1.9995454616042556,per_dopant:Mg
50,2.3563342094421387,2.423598505592758,0.1056859374046325,3.0,Mg,1.888124557378846,per_dopant:Mg
51,2.6966726779937744,2.7767216031638475,0.1067456498742103,1.6989699602127075,Mg,2.432477529770254,per_dopant:Mg
52,3.0467130184173583,3.1463931057556964,0.0938403882086277,,undoped,3.1254960155104166,global_fallback
53,3.4456393241882326,3.589840244219398,0.0765557616949081,4.0,Mg,3.6304091706247776,per_dopant:Mg
54,3.896615266799927,4.077892453989773,0.0748033836483955,5.698969841003418,Mg,4.351720798670866,per_dopant:Mg
55,4.0166335105896,4.209859628168171,0.0882113695144653,7.113943576812744,Mg,4.54368348812568,per_dopant:Mg
56,4.6935200691223145,4.915259906747721,0.1089040130376815,4.113943576812744,Mg,5.62632692739699,per_dopant:Mg
57,3.110141468048096,3.244664043502553,0.0900857523083686,3.3424227237701416,Mg,3.0937984959689393,per_dopant:Mg
58,4.502279996871948,4.739815115479551,0.1048267751932144,3.301029920578003,Mg,5.320448775529947,per_dopant:Mg
59,2.656933069229126,2.727030122363136,0.1121006116271019,2.176091194152832,Zn,2.6251568788390554,per_dopant:Zn
60,2.6596827030181887,2.7546309793423616,0.0879407539963722,1.6989699602127075,Zn,2.6290866950756295,per_dopant:Zn
61,2.682895612716675,2.766218642995375,0.0967949390411377,2.477121353149414,Zn,2.662262920140257,per_dopant:Zn
62,4.9389959335327145,5.1541834219610525,0.1137994050979614,6.869231700897217,Zn,5.886714011536707,per_dopant:Zn
63,5.484652042388916,5.70973341808771,0.1289444588124752,4.84509801864624,Zn,6.666573585818459,per_dopant:Zn
64,5.479832029342651,5.7041993574978695,0.1437525860965252,6.460897922515869,Zn,6.6596847537110495,per_dopant:Zn
65,4.422265577316284,4.631276314806203,0.1260196655988693,6.460897922515869,Zn,5.148195539779616,per_dopant:Zn
66,4.082494068145752,4.263186910905036,0.1019252017140388,7.071881771087647,Zn,4.662589202392071,per_dopant:Zn
67,4.631480550765991,4.837074822049887,0.125868209823966,7.071881771087647,Zn,5.447208594851732,per_dopant:Zn
68,3.267654275894165,3.4237528824997576,0.0921491876244545,8.301030158996582,Zn,3.4980084285687942,per_dopant:Zn
69,2.7793438911437987,2.8448199858628755,0.0844983451068401,,undoped,2.793520071702173,global_fallback
70,3.581042814254761,3.72867088070483,0.1039746806025505,1.0,B,3.7889407448508248,global_fallback
71,2.233838987350464,2.305660444749924,0.0937070354819297,3.204119920730591,Sb,2.116199892160539,global_fallback
72,3.792055892944336,3.9652039965024697,0.1201835006475448,3.0,Ta,3.8050177391921185,per_dopant:Ta
73,4.772578048706055,4.970454502461449,0.1180057927966117,5.0,Ta,4.555496509061365,per_dopant:Ta
74,3.9313888549804688,4.115691159538828,0.0966251041740179,,Ta,3.9116613569183114,per_dopant:Ta
75,3.658273077011109,3.850145396362208,0.7896284878253936,2.698970079421997,Al,3.8848328533771204,global_fallback
76,4.121748304367065,4.313639242106492,0.0909507572650909,4.424881458282471,Cu,4.4603017850455435,global_fallback
77,4.44216513633728,4.648360817056343,0.1127786695957183,,Ge,4.85814382945079,global_fallback
78,3.371255111694336,3.4587750852030616,0.093143194168806,,Fe,3.5284601453626,global_fallback
79,3.1624881744384767,3.3005596663655554,0.1053640902042389,,Bi,3.2692469679168736,global_fallback
80,3.676242399215698,3.8463392016614657,0.102150011062622,,undoped,3.907144265166857,global_fallback
81,4.461275720596314,4.671106683019441,0.0951282255351543,,undoped,4.881872276750648,global_fallback
82,2.8766849517822264,2.9962757643787468,0.0931418471038341,,undoped,2.9143825318009204,global_fallback
83,4.109360456466675,4.263407722289697,0.1115708112716674,,undoped,4.444920549596182,global_fallback
84,2.2368805408477783,2.325548524258237,0.1372181564569473,,undoped,2.1199764036942774,global_fallback
85,2.6294933795928954,2.6778271263438405,0.1173215351998806,,undoped,2.607459827912842,global_fallback
86,2.582661247253418,2.6328556520515187,0.0907493561506271,1.903090000152588,Mg,2.250122412894319,per_dopant:Mg
87,2.6944032669067384,2.75483772259698,0.0944758497178554,1.6989699602127075,Mg,2.4288477294833113,per_dopant:Mg
88,2.836952209472656,2.9021078184160105,0.1044237866997718,1.3010300397872925,Mg,2.6568470530015587,per_dopant:Mg
89,3.4818761348724365,3.6368350831896423,0.0777407817542552,3.698970079421997,Mg,3.688367989355662,per_dopant:Mg
90,3.6410419940948486,3.803040795887422,0.0714400917291641,3.903090000152588,Mg,3.942945172298492,per_dopant:Mg
91,3.740003824234009,3.9050867700396417,0.064058818668127,3.778151273727417,Mg,4.101229267008087,per_dopant:Mg
92,4.511452770233154,4.731523236176519,0.1108690671622753,6.986771583557129,Mg,5.335120130388815,per_dopant:Mg
93,2.438663148880005,2.515912884479934,0.0946907863020896,,Mg,2.0198052430431974,per_dopant:Mg
94,2.556203031539917,2.6329933998226664,0.1209611475467681,,Mg,2.2078039279193176,per_dopant:Mg
95,2.6555901527404786,2.768664577291897,0.0866740010678768,,undoped,2.639862600006848,global_fallback
96,4.174680900573731,4.358853366726606,0.0999550104141235,,undoped,4.526024962448704,global_fallback
97,5.329717254638672,5.582916452135235,0.1842300683259964,,undoped,5.9601631805879265,global_fallback
98,3.000187301635742,3.10308225297734,0.1287195026874542,,Zn,3.1157407744654817,per_dopant:Zn
99,4.467628002166748,4.67472304180925,0.1322771608829498,,Si,4.2327206541214135,per_dopant:Si
100,4.9654333114624025,5.218273884563184,0.1307187736034393,,Fe,5.507854018781083,global_fallback
101,4.380810070037842,4.553097413724633,0.1351664155721664,4.842609405517578,Mg,5.126164197563466,per_dopant:Mg
102,3.1424681186676025,3.28693235856602,0.0793456017971038,,undoped,3.244389285291349,global_fallback
103,3.2140410900115968,3.340657545026553,0.0736046701669693,1.0,Sn,3.193249751749539,per_dopant:Sn
104,4.083247566223145,4.274741076497222,0.088138560950756,,undoped,4.412497765886799,global_fallback
105,2.269899845123291,2.3416311704723998,0.0991549417376518,0.6989700198173523,Sn,2.2167749769114677,per_dopant:Sn
106,2.352018475532532,2.4360553300562597,0.1365168303251266,3.301029920578003,Sn,2.3017058827192747,per_dopant:Sn
107,2.3397669792175293,2.416619431937002,0.1112169429659843,2.698970079421997,Sn,2.2890348155771574,per_dopant:Sn
108,2.142299675941467,2.219051380094635,0.1380432337522506,2.0,Sn,2.0848049489673315,per_dopant:Sn
109,1.969600248336792,2.038196817602227,0.1781143456697464,2.301029920578003,Sn,1.9061911709993016,per_dopant:Sn
110,2.3984650135040284,2.4934313782127644,0.2191149532794952,2.698970079421997,Sn,2.349743051896319,per_dopant:Sn
111,3.180653285980225,3.320949261953936,0.2691615432500839,2.477121353149414,Sn,3.1587185324003317,per_dopant:Sn
112,3.467379426956177,3.644039111536945,0.0912571895867586,3.0,Sn,3.4552640391934433,per_dopant:Sn
113,4.579412603378296,4.734603538429632,0.1331754714250564,,undoped,5.02855564128131,global_fallback
114,3.3445873260498047,3.439539977391207,0.0870675697922706,,undoped,3.495348381865833,global_fallback
115,3.0584394931793213,3.1845798061544888,0.1022939890623092,,undoped,3.140056064257792,global_fallback
116,3.501758003234863,3.672039120274088,0.1152323976159095,,undoped,3.6904976290117295,global_fallback
117,3.647056436538696,3.816392114643617,0.1070579662919044,,undoped,3.8709058347824223,global_fallback
118,4.059319543838501,4.280825398928249,0.0917382061481475,,undoped,4.3827877993861435,global_fallback
119,4.054874515533447,4.237127632549416,0.0900875106453895,,undoped,4.377268678753659,global_fallback
120,3.775066041946411,3.9571741311096313,0.0895363770425319,,undoped,4.02984755705639,global_fallback
121,3.28058180809021,3.4226884687786154,0.1506188243627548,3.698970079421997,Al,3.41587663263941,global_fallback
122,3.0855581760406494,3.215146682099262,0.0802287027239799,,undoped,3.173727679337399,global_fallback
123,5.493046712875366,5.950284038105528,0.1519830573350191,,undoped,6.162959410664029,global_fallback
124,4.986167287826538,5.313782272374679,0.1367623262107372,,undoped,5.533598133079437,global_fallback
125,3.517935562133789,3.632370351961915,0.0742978584021329,,undoped,3.710584317548845,global_fallback
126,4.14062991142273,4.345443716650052,0.1229868337512016,,undoped,4.483745925312745,global_fallback
127,2.6486724376678468,2.7213112637190497,0.0877187371253967,,undoped,2.631273294975068,global_fallback
128,2.8269295692443848,2.92675963624973,0.1090785354375839,,undoped,2.8526043068952447,global_fallback
129,3.964488220214844,4.211060656251588,0.1042623609304428,,undoped,4.265041526719674,global_fallback
130,2.933306646347046,3.0647458487883124,0.1002076417207717,,undoped,2.984686237710638,global_fallback
131,3.099986362457275,3.221938548181696,0.1085658028721809,,Sn,3.0752890493537874,per_dopant:Sn
132,2.847055864334106,2.952442506127785,0.1050307989120483,,undoped,2.877593900405558,global_fallback
133,5.020300340652466,5.213722447784747,0.1085172712802887,,undoped,5.575979063677122,global_fallback
134,4.121537351608277,4.26913480007399,0.104640394449234,,undoped,4.460039857866771,global_fallback
135,4.225835514068604,4.405624071144652,0.1229232355952262,,undoped,4.589540527122448,global_fallback
136,4.465270090103149,4.699925224233716,0.1192347541451454,,undoped,4.886831841830103,global_fallback
137,4.170933961868286,4.380722140108954,0.106041269749403,,undoped,4.52137261710945,global_fallback
138,5.186835908889771,5.501306290400484,0.2243351966142654,,undoped,5.782756125064076,global_fallback
139,3.6588040828704833,3.807678290515652,0.0857683897018432,,undoped,3.8854921709772157,global_fallback
140,4.415904903411866,4.647378663243107,0.1206086054444313,,Mg,5.182296485353416,per_dopant:Mg
141,2.3067068815231324,2.357492035246633,0.1091547518968582,,undoped,2.2066755135906093,global_fallback
142,2.54127893447876,2.628882436275629,0.0875334456562995,,Sn,2.497447849332682,per_dopant:Sn
143,2.782900762557984,2.9256688758331566,0.0870686322450637,,Si,3.1846870376225294,per_dopant:Si
144,4.699907636642456,4.947193680257646,0.1244209170341491,,Ta,4.499875530860201,per_dopant:Ta
145,3.194027090072632,3.332306881785112,0.1142290517687797,,undoped,3.3084069165283854,global_fallback
146,5.084944057464599,5.301466586667685,0.1427800819277763,,undoped,5.656243225507683,global_fallback
147,4.081885051727295,4.279072428481768,0.1030966192483902,,undoped,4.410806014709973,global_fallback
148,4.072747802734375,4.269785977462373,0.1189315006136894,,undoped,4.3994608497346155,global_fallback
149,2.838265609741211,2.9666825955250733,0.0937112346291542,,undoped,2.8666795772204234,global_fallback
150,3.9983041763305662,4.153201782459183,0.0911827132105827,,undoped,4.3070287376657195,global_fallback
151,4.271252059936524,4.437973536979777,0.1043101504445076,3.0,Zn,4.932364844469641,per_dopant:Zn
152,4.661965703964233,4.855288260452976,0.1070537216961383,3.477121353149414,Zn,5.490778415127235,per_dopant:Zn
153,2.331959295272827,2.398123266931265,0.1192420542240142,,Mg,1.8491382005432033,per_dopant:Mg
154,2.8005630493164064,2.9062483967281034,0.0986434832215309,,undoped,2.819866606670515,global_fallback
155,6.564058923721314,6.949345234056939,0.2500098675489425,,undoped,7.492769973130182,global_fallback
156,3.6874348163604735,3.846368141195407,0.1305426031351089,,undoped,3.921041207132527,global_fallback
157,2.999081325531006,3.113213133166418,0.0778423003852367,,undoped,3.066354646563386,global_fallback
158,3.186843490600586,3.3390971480806764,0.0848695039749145,,Sn,3.1651207298422874,per_dopant:Sn
159,2.7154252529144287,2.791163192022849,0.1063098572194576,,Sn,2.6775580690736556,per_dopant:Sn
160,3.895893096923828,4.037202726284061,0.0782279089093208,,undoped,4.179871144382005,global_fallback
161,3.1252365589141844,3.277613388139007,0.1065539456903934,,undoped,3.2229939081557677,global_fallback
162,4.562425231933593,4.753061050894845,0.1309032261371612,,undoped,5.00746345788047,global_fallback
163,1.992054033279419,2.0498686264114,0.1292833656072616,,undoped,1.8159902563477894,global_fallback
164,3.610564517974853,3.771388525483526,0.1107926338911056,,B,3.825596044418293,global_fallback
165,5.084342288970947,5.413772483266063,0.1826381415128707,,undoped,5.65549604625901,global_fallback
166,3.1520872592926024,3.2529334050063583,0.0999019086360931,,V,3.256332785725269,global_fallback
167,2.711495304107666,2.824110798045603,0.1377747789025306,,undoped,2.709276617915789,global_fallback
168,2.946175050735474,3.0759343652584445,0.1057592168450355,,undoped,3.00066415085161,global_fallback
169,4.3053525447845455,4.510165149453711,0.1034972459077835,,undoped,4.688271975999659,global_fallback
170,2.084406852722168,2.1450395457025424,0.1391584500670433,,undoped,1.9306591214875186,global_fallback
171,4.080191564559937,4.261394427649824,0.1241567134857177,,Al,4.408703314946377,global_fallback
172,3.068294048309326,3.16497866873109,0.0805505841970443,4.0,Sn,3.0425113844765614,per_dopant:Sn
173,3.084933471679688,3.182322598298478,0.0900049094110727,4.698969841003418,Sn,3.059720649803098,per_dopant:Sn
174,3.0609049797058105,3.157291343395843,0.0748602867126464,3.0,Sn,3.034869266160107,per_dopant:Sn
175,4.921939849853516,5.107282407837069,0.1424292311072349,8.0,Sn,4.95963806069388,per_dopant:Sn
176,4.273421335220337,4.519969501653952,0.1236694566905498,,undoped,4.648624939933407,global_fallback
177,5.805285835266114,6.093267131355257,0.1801815599203109,,undoped,6.550647691680371,global_fallback
178,5.792039680480957,6.081340160147535,0.2090514555573463,,undoped,6.534200748903267,global_fallback
179,5.825205707550049,6.116411452923016,0.2130820304155349,,undoped,6.575380982578364,global_fallback
180,4.34315938949585,4.524197172986156,0.1030672311782836,,Si,4.15529133072045,per_dopant:Si
181,4.3548750400543215,4.534709708420389,0.1211530685424804,,Si,4.162579392156012,per_dopant:Si
182,4.348317337036133,4.528837264235468,0.1003610402345657,,Si,4.15849998211948,per_dopant:Si
183,4.326729774475098,4.505478058337997,0.1145498484373092,,Si,4.145070810482478,per_dopant:Si
184,2.1926994562149047,2.2822760728286697,0.1197441056370735,,Sn,2.1369307451454396,per_dopant:Sn
185,2.2093233346939085,2.2999169967062825,0.112051722407341,,Sn,2.154123933222549,per_dopant:Sn
186,2.20398142337799,2.294446841999912,0.1029704242944717,,Sn,2.1485990801588177,per_dopant:Sn
187,4.562866640090943,4.7866026747267885,0.111603183299303,,undoped,5.008011527476743,global_fallback
188,4.576482009887696,4.802311537311853,0.1262265741825103,,undoped,5.024916902022664,global_fallback
189,3.502401876449585,3.678963926107078,0.0909826904535293,,undoped,3.691297087125423,global_fallback
190,4.862818336486816,5.170264168346903,0.1288028232753277,,Si,4.478560304330338,per_dopant:Si
191,4.847435045242309,5.152850997556986,0.1523345232009887,,Si,4.468990680252567,per_dopant:Si
192,4.826921653747559,5.126263229560669,0.1700588136911392,,Si,4.456229727993082,per_dopant:Si
193,4.722838687896728,5.010721977063541,0.1317332223057747,,Si,4.391481889558472,per_dopant:Si
194,4.719574737548828,4.916875863853638,0.1400992289185524,,Sn,4.750342652255094,per_dopant:Sn
195,3.083058357238769,3.2256311298166365,0.0826946213841438,,undoped,3.1706238067453527,global_fallback
196,3.0182613372802733,3.1492118469598447,0.0963015809655189,,undoped,3.0901692977448647,global_fallback
197,4.925740146636963,5.13942559039128,0.1470796167850494,,undoped,5.458569436114293,global_fallback
198,2.974916362762451,3.0987722077406348,0.1006343096494674,,undoped,3.0363504856343115,global_fallback
199,3.0158620834350587,3.1411222248553066,0.0934402219951152,,undoped,3.0871902905280524,global_fallback
200,3.03921217918396,3.1710487297535788,0.1059741862118244,,undoped,3.116182680761362,global_fallback
201,4.710870742797852,4.955430498385317,0.1457457050681114,,undoped,5.191779197980252,global_fallback
202,2.333122730255127,2.398179289232774,0.1118985459208488,3.0,Mg,1.8509990518701027,per_dopant:Mg
203,1.9230472803115848,1.9745565789257815,0.1339042425155639,,undoped,1.730308778537526,global_fallback
204,3.676872348785401,3.818339900783832,0.1368451476097107,8.0,Sn,3.671931359661539,per_dopant:Sn
205,2.3084025144577027,2.36180234188504,0.1091203093528747,,undoped,2.2087808776225244,global_fallback
206,4.618620681762695,4.837747765722556,0.1407633811235427,,undoped,5.077237921690038,global_fallback
207,5.084361934661866,5.362382749934012,0.1665255576372146,,Si,4.616377948011039,per_dopant:Si
208,3.8651051998138426,4.098194526781136,0.1080537989735603,,undoped,4.141643689682267,global_fallback
209,3.212426710128784,3.34567155135568,0.0935183629393577,,undoped,3.3312526029250966,global_fallback
210,4.473904991149903,4.673533417832841,0.1175269141793251,,undoped,4.897553271988919,global_fallback
211,4.459856605529785,4.656289048176882,0.1265005685389041,,undoped,4.880110248096153,global_fallback
212,4.473182296752929,4.674282231627839,0.1197403997182846,,undoped,4.89665594641896,global_fallback
213,5.946248197555542,6.280931666419571,0.2327329754829406,,undoped,6.725672062443242,global_fallback
214,6.017070198059082,6.357979657720127,0.1704687468707561,,Si,5.196596271455244,per_dopant:Si
215,2.9349937915802,3.0553448127871645,0.0835719786584377,,undoped,2.9867810630812004,global_fallback
216,2.945190906524658,3.0672915450287177,0.0868141293525695,,undoped,2.999442198988429,global_fallback
217,2.948524475097656,3.070755781595422,0.07867963463068,,undoped,3.00358128783745,global_fallback
218,2.935524845123291,3.056548285808755,0.0812057606875896,,undoped,2.987440439887259,global_fallback
219,2.940967559814453,3.06284938801615,0.0769325673580169,,undoped,2.994198326876316,global_fallback
220,2.1189582347869877,2.185232057930344,0.1910976499319076,1.9780000448226929,Sn,2.0606641452273013,per_dopant:Sn
221,1.7505009412765502,1.8081031469867368,0.2350605234503746,2.009000062942505,Sn,1.6795884802608654,per_dopant:Sn
222,1.5902688264846805,1.6428522869463005,0.2278098344802856,2.003999948501587,Sn,1.5138689768917175,per_dopant:Sn
223,4.429589796066284,4.6138257257725455,0.1387683883309364,3.414999961853028,Mg,5.204184730972526,per_dopant:Mg
224,4.85065860748291,5.068202419166962,0.1317644193768501,7.113999843597412,Mg,5.877661520274063,per_dopant:Mg
225,4.9437178611755375,5.154613237505705,0.1408865109086036,4.505000114440918,Si,4.5288862083931525,per_dopant:Si
226,2.589922380447388,2.688475094365827,0.1051299065351486,3.0,Ta,2.88492054977527,per_dopant:Ta
227,3.722159767150879,3.872700942210497,0.0887296438217163,2.2249999046325684,Mg,4.072688662844058,per_dopant:Mg
228,2.1087725162506104,2.1742398573434527,0.2272906944155693,1.9780000448226929,Sn,2.0501296015155184,per_dopant:Sn
229,1.7194838047027587,1.777280333460539,0.2122086584568023,2.009000062942505,Sn,1.6475091154243067,per_dopant:Sn
230,1.590903401374817,1.6447587357235336,0.1935125783085823,2.003999948501587,Sn,1.5145252837486827,per_dopant:Sn
231,4.435676670074463,4.620840667357206,0.1313252389430999,3.414999961853028,Mg,5.213920356724811,per_dopant:Mg
232,4.864943122863769,5.082086892097118,0.1254147291183471,7.113999843597412,Mg,5.900508830012019,per_dopant:Mg
233,4.906301403045655,5.113102966522305,0.153088241815567,4.505000114440918,Si,4.505610211538286,per_dopant:Si
234,2.577384901046753,2.672917809435725,0.099219424277544,3.0,Ta,2.875324527836796,per_dopant:Ta
235,3.7284843921661377,3.880009393704012,0.0995546177029609,2.2249999046325684,Mg,4.082804558472809,per_dopant:Mg
236,2.114463257789612,2.182135161155168,0.1984084993600845,1.9780000448226929,Sn,2.056015231015388,per_dopant:Sn
237,1.7202672481536865,1.7775915155613546,0.1805762529373168,2.009000062942505,Sn,1.6483193890687267,per_dopant:Sn
238,1.5747237920761108,1.627466797757413,0.2279361635446548,2.003999948501587,Sn,1.4977915795148518,per_dopant:Sn
239,4.4611469268798825,4.648868116152718,0.1101884588599205,3.414999961853028,Mg,5.2546586548625625,per_dopant:Mg
240,4.860867977142334,5.077195439830083,0.1497404009103775,7.113999843597412,Mg,5.893990854845028,per_dopant:Mg
241,4.934369277954102,5.1455420222688,0.1300693571567535,4.505000114440918,Si,4.523070650092464,per_dopant:Si
242,2.582501459121704,2.678802716591297,0.102399942278862,3.0,Ta,2.87924067413445,per_dopant:Ta
243,3.712437152862549,3.862254395831445,0.1060918286442756,2.2249999046325684,Mg,4.057137867161775,per_dopant:Mg
244,4.140045642852783,4.3062884396058205,0.1180766493082046,4.590393543243408,Mg,4.741074518626933,per_dopant:Mg
245,4.693505859375,4.898830224927191,0.141363051533699,5.494272232055664,Mg,5.62630419967473,per_dopant:Mg
246,4.139918470382691,4.307749688136187,0.1188939049839973,6.418926239013672,Mg,4.740871113139461,per_dopant:Mg
247,1.986307644844055,2.0499991618528264,0.1680364459753036,2.035649538040161,Sn,1.9234707373045428,per_dopant:Sn
248,1.9580044269561767,2.0214013155143724,0.2474799126386642,1.898862600326538,Sn,1.8941982333609948,per_dopant:Sn
249,1.7607434511184692,1.821152219129446,0.2214636534452438,1.9379305839538572,Sn,1.690181760181443,per_dopant:Sn
250,4.879979085922241,5.061603078229756,0.1384600430727005,4.566295623779297,Sn,4.9162402876025535,per_dopant:Sn
251,4.3822096824646,4.569910367860201,0.1357974037528038,4.2641425132751465,Sn,4.40142402595297,per_dopant:Sn
252,4.205149459838867,4.384355820151086,0.1349670857191086,4.115352153778076,Sn,4.218300111011944,per_dopant:Sn
253,3.118190717697144,3.2377547063746634,0.0760121881961822,1.003773808479309,Sn,3.0941168399838075,per_dopant:Sn
254,3.1238969802856444,3.245047988879844,0.0617925733327865,1.2660428285598757,Sn,3.1000185220747447,per_dopant:Sn
255,3.296090269088745,3.4286166486606877,0.0725400239229202,1.3754615783691406,Sn,3.2781088277604438,per_dopant:Sn
256,3.4509345054626466,3.5962366513309845,0.0770570069551467,5.295434474945068,Mg,3.6388785266700854,per_dopant:Mg
257,3.473079967498779,3.6212127706384862,0.0830480270087719,5.601209163665772,Mg,3.6742989954042002,per_dopant:Mg
258,3.471345520019532,3.6192056463037474,0.0749335005879402,5.677776336669922,Mg,3.6715248404730723,per_dopant:Mg
259,3.2800249576568605,3.423592276399816,0.0662086054682731,3.874506711959839,Mg,3.3655179490249054,per_dopant:Mg
260,3.2945785999298094,3.438960578167336,0.0579885110259056,3.826402902603149,Mg,3.38879571267036,per_dopant:Mg
261,3.3129648685455324,3.4571244751864123,0.0679053038358688,3.818185806274414,Mg,3.4182035548539043,per_dopant:Mg
262,2.627962350845337,2.683785484860141,0.1092493422329425,1.6924649477005005,Mg,2.322579077866151,per_dopant:Mg
263,2.6372437953948973,2.6923025627019834,0.0964333117008209,1.6310595273971558,Mg,2.3374242464130397,per_dopant:Mg
264,2.5563568115234374,2.6086914095082667,0.1069254010915756,1.4384608268737793,Mg,2.208049890685384,per_dopant:Mg
265,3.0752766609191893,3.1734467701095874,0.0856329642236232,4.005910396575928,Sn,3.0497331271055512,per_dopant:Sn
266,3.0546931266784667,3.1484523926733337,0.0714806001633405,3.5706982612609863,Sn,3.028444678929072,per_dopant:Sn
267,3.07251033782959,3.169155641968353,0.0851281836628913,3.336289644241333,Sn,3.0468720671416203,per_dopant:Sn
268,4.273828411102295,4.442276445830294,0.0917951434850692,3.909898042678833,Zn,4.9360470026838135,per_dopant:Zn
269,4.293807029724121,4.463216249471143,0.0834214314818382,4.857730388641357,Zn,4.964600732331988,per_dopant:Zn
270,4.2658802509307865,4.433073682021311,0.0876145809888839,5.579473495483398,Zn,4.9246873776249664,per_dopant:Zn
271,2.638879013061524,2.7129511993654787,0.1294454902410507,2.556408405303955,Mg,2.340039688625974,per_dopant:Mg
272,2.648916339874268,2.724536597377911,0.125837031006813,2.347507953643799,Mg,2.356093849969043,per_dopant:Mg
273,2.788539695739746,2.874499757613405,0.1111965030431747,2.2835190296173096,Mg,2.5794138557976085,per_dopant:Mg
274,2.6567900657653807,2.754195421386916,0.0971133887767791,1.982698678970337,Sn,2.6169148321862252,per_dopant:Sn
275,2.646790599822998,2.7447847248162,0.0778047323226928,1.9542808532714844,Sn,2.6065729195672676,per_dopant:Sn
276,2.539237451553345,2.630169611136134,0.099778763204813,1.9617743492126465,Sn,2.495336452769167,per_dopant:Sn
277,2.7023934364318847,2.7805643411470653,0.0926103621721267,2.045621871948242,Zn,2.6901294907791122,per_dopant:Zn
278,2.6961567878723143,2.773680608969443,0.0849325396120548,2.250462770462036,Zn,2.6812159827808113,per_dopant:Zn
279,2.707977771759033,2.7854307065011845,0.0984888076782226,2.3877272605896,Zn,2.6981107033050846,per_dopant:Zn
280,2.585313653945923,2.691582866178281,0.1005669444799423,2.636338233947754,Sn,2.542990603671142,per_dopant:Sn
281,2.5852303504943848,2.6930815254581333,0.099207803606987,2.473075151443481,Sn,2.5429044473682327,per_dopant:Sn
282,2.5952308654785154,2.7063831008507853,0.0926334798336029,2.328458070755005,Sn,2.5532474449549434,per_dopant:Sn
283,2.6585340023040773,2.76275031275737,0.1058429166674614,2.279602289199829,Sn,2.618718492441696,per_dopant:Sn
284,2.6639030456542967,2.768040225937323,0.0943934127688407,2.4650120735168457,Sn,2.6242714067168493,per_dopant:Sn
285,2.662020969390869,2.7671109103882445,0.1007771164178848,2.544997453689575,Sn,2.622324875935032,per_dopant:Sn
