sample_idx,vacancy_concentration_pred,vacancy_concentration_pred_platt,vacancy_concentration_std,vacancy_concentration_true,dopant_label,method,atmosphere,concentration_at%,doi,element,is_sputter,vacancy_concentration_pred_rank,vacancy_concentration_pred_refined,vacancy_concentration_alpha
0,12.23379898071289,13.442064865649597,1.9709115982055665,17.50105857849121,Fe,RF magnetron sputtering,Ar,2.65,Original CSV,Fe,True,,13.442064865649597,0.0
1,12.059810829162595,13.299237531198427,1.9109148025512692,10.127104759216309,Sn,RF magnetron sputtering,Ar,2.65,Original CSV,Sn,True,,13.299237531198427,0.0
2,12.081414604187012,13.316972127338028,1.6337300777435302,10.079181671142578,Mg,RF magnetron sputtering,Ar,2.65,Original CSV,Mg,True,,13.316972127338028,0.0
3,12.09801425933838,13.330598828219399,1.8525970935821532,9.973589897155762,Zn,RF magnetron sputtering,Ar,2.65,Original CSV,Zn,True,,13.330598828219399,0.0
4,7.380924034118652,9.458326968149377,1.3521671384572982,,undoped,RF magnetron sputtering,Ar,0.0,DOI:10.3390/cryst13101434,—,True,,9.458326968149377,0.0
5,0.2821430206298828,3.6309188315896277,0.4316042866557836,,undoped,RF magnetron sputtering+O₂ plasma,O2_plasma,0.0,DOI:10.1016/j.apmt.2025.102851,—,True,,3.6309188315896277,0.0
6,4.380203914642334,6.995027874044634,0.6570580637548119,,undoped,RF magnetron sputtering on Si,N2,0.0,Mohammed ApplSurf 2022,—,True,,6.995027874044634,0.0
7,0.3860073089599609,3.716181300985796,0.289643851481378,,undoped,RF magnetron sputtering amorphous,Ar,0.0,DOI:10.1016/j.jallcom.2022.168255,—,True,,3.716181300985796,0.0
8,-6.633512306213379,-2.0461609437566435,2.4034193754196167,,undoped,RF magnetron sputtering+O₂ anneal,O2,0.0,DOI:10.1002/advs.202101106,—,True,,-2.0461609437566435,0.0
9,-1.4207700729370116,2.232992962563727,0.6745126575231553,,undoped,RF magnetron sputtering+O₂ plasma,O2_plasma,0.0,DOI:10.3390/photonics12111074,—,True,,2.232992962563727,0.0
10,7.6134740829467775,9.649227919189192,1.229654461890459,,undoped,RF magnetron sputtering,Ar,0.0,DOI:10.1007/s11432-024-4092-3,—,True,,9.649227919189192,0.0
11,9.097465324401856,10.867440259956789,1.967696952726692,,undoped,RF magnetron sputtering+N₂,N2,0.0,DOI:10.1016/j.matlet.2023.133506,—,True,,10.867440259956789,0.0
12,9.659874725341798,11.329123626845776,2.152437912300229,,undoped,RF magnetron sputtering+vacuum,vacuum,0.0,DOI:10.1016/j.matlet.2023.133506,—,True,,11.329123626845776,0.0
13,4.9693090438842775,7.4786258350058805,1.91386535204947,,undoped,RF magnetron sputtering+O₂,O2,0.0,DOI:10.1016/j.matlet.2023.133506,—,True,,7.4786258350058805,0.0
14,3.911270904541016,6.610079523986589,0.6483088888227939,,undoped,RF magnetron sputtering,Ar+N2,0.0,ε-PMC review 2025 ref,—,True,,6.610079523986589,0.0
15,2.182102394104004,5.190600513709118,0.3512262335047126,,Si,RF magnetron sputtering,Ar,2.34,DOI:10.1016/j.vacuum.2024.113564,Si,True,6.690600513709118,5.190600513833813,8.312989016702847e-11
16,4.780204772949219,7.3233896381135954,1.0420293684117496,,Si,RF sputtering on FTO/TiO₂,Ar,2.34,DOI:10.1021/acsaelm.3c01332,Si,True,8.823389638113596,7.323389639211171,7.317171464572587e-10
17,14.599549674987792,15.384115876758907,2.488015079498291,,undoped,RF magnetron co-sputtering,Ar,0.0,DOI:10.3390/ma17133227,—,True,,15.384115876758907,0.0
18,15.859628677368164,16.41851806739229,2.8880628108978272,16.301029205322266,Sn,RF magnetron co-sputtering,Ar,2.1,DOI:10.3390/ma17133227,Sn,True,,16.41851806739229,0.0
19,15.565830039978028,16.177337987772393,2.688213014602661,16.698970794677734,Sn,RF magnetron co-sputtering,Ar,3.6,DOI:10.3390/ma17133227,Sn,True,,16.177337987772393,0.0
20,15.246669578552249,15.91533831962561,3.0832881927490234,17.0,Sn,RF magnetron co-sputtering,Ar,4.1,DOI:10.3390/ma17133227,Sn,True,,15.91533831962561,0.0
21,3.768099403381348,6.492549659465344,1.6634948490187529,,Sn,RF magnetron sputtering,Ar:O2=1:1,3.0,DOI:10.1016/j.jallcom.2021.162551,Sn,True,7.992549659465344,6.492549662262506,1.8647741229196015e-09
22,16.766625595092773,17.16307423952098,2.973178195953369,,Sn,RF magnetron sputtering,Ar,1.0,SSRN:5149855,Sn,True,15.66307423952098,17.163074230585533,5.9569669383513426e-09
23,17.78852767944336,18.001956367282983,2.7070310592651365,,Sn,RF magnetron sputtering,Ar,5.0,SSRN:5149855,Sn,True,19.501956367282983,18.0019563746903,4.938212667212768e-09
24,18.26225051879883,18.390836700862614,3.025403690338135,,Sn,RF magnetron sputtering,Ar,8.0,SSRN:5149855,Sn,True,19.890836700862614,18.390836710114733,6.1680796870179015e-09
25,13.768830490112304,14.702176297563383,2.4618495225906374,,Mg,RF magnetron sputtering,Ar,5.0,DOI:10.1016/j.matlet.2017.08.032,Mg,True,14.07764893000897,14.145886697372866,0.8907369461948378
26,14.43450870513916,15.24863330746509,2.8938974380493163,16.698970794677734,Mg,RF magnetron sputtering,Ar,0.48,DOI:10.1016/j.surfcoat.2025.131940,Mg,True,,15.24863330746509,0.0
27,15.64492416381836,16.242266563530034,2.82825608253479,16.301029205322266,Mg,RF magnetron sputtering,Ar,1.01,DOI:10.1016/j.surfcoat.2025.131940,Mg,True,,16.242266563530034,0.0
28,15.897324752807616,16.449462875566375,2.902465963363648,16.0,Mg,RF magnetron sputtering,Ar,2.18,DOI:10.1016/j.surfcoat.2025.131940,Mg,True,,16.449462875566375,0.0
29,1.6656635284423829,4.766654480992555,0.4216644639149308,,Mg,RF magnetron sputtering+AlN,Ar,2.0,DOI:10.3390/coatings15111312,Mg,True,6.266654480992555,4.76665448117228,1.1981669005155625e-10
30,5.3742681503295895,7.811057838104622,0.9448804112151266,,Zn,RF magnetron sputtering,Ar,3.0,DOI:10.1007/s13391-017-7072-y,Zn,True,6.311057838104622,7.811057837202161,6.016404184731634e-10
31,7.865188407897949,9.855860875258957,1.616403715964407,,Zn,RF magnetron sputtering,Ar,0.5,ResearchGate Struct.Opt.Zn,Zn,True,11.355860875258957,10.585180017233395,0.4862127613162924
32,7.657505226135254,9.685373201258184,1.535579282976687,,Zn,RF magnetron sputtering,Ar,2.0,ResearchGate Struct.Opt.Zn,Zn,True,11.059836224080167,10.114669491456954,0.31233746057231754
33,3.225993347167969,6.047533362039992,0.7494242362678051,,undoped,RF magnetron sputtering,Ar:O2=3:1,2.0,DOI:10.1016/j.surfcoat.2025.131891,B,True,,6.047533362039992,0.0
34,0.366441535949707,3.70011970609769,0.8304646828211844,,B,RF magnetron sputtering,Ar,2.0,DOI:10.1016/j.optmat.2023.114431,Sb,True,,3.70011970609769,0.0
35,1.9127492904663088,4.96948783749564,0.4706191657111048,,Sb,RF magnetron sputtering,Ar:O2=1:1,,DOI:10.1021/acsaelm.3c01332 ref,Bi+Cu,True,6.46948783749564,4.969487837719519,1.4925281572785158e-10
36,-2.484728240966797,1.3595868843152497,0.5695322354324162,,Bi,RF magnetron sputtering on p-Si,Ar,0.0,DOI:10.1021/acsphotonics.8b00174,—,True,2.8595868843152497,1.359586884643127,2.185847876355237e-10
37,4.680690002441406,7.241697699418321,0.6521018442697823,,undoped,RF magnetron sputtering,Ar,4.92,DOI:10.1016/j.matlet.2017.08.032,Mg,True,,7.241697699418321,0.0
38,14.108184623718262,14.980753004689987,2.561922860145569,14.698969841003418,Mg,RF magnetron sputtering,Ar,6.88,DOI:10.1016/j.matlet.2017.08.032,Mg,True,,14.980753004689987,0.0
39,13.828034591674804,14.750777101350325,2.25915687084198,14.477121353149414,Mg,RF magnetron sputtering,Ar,8.58,DOI:10.1016/j.matlet.2017.08.032,Mg,True,,14.750777101350325,0.0
40,13.369566535949708,14.374419460058313,2.480311298370361,14.301030158996582,Mg,RF magnetron sputtering,Ar,0.72,DOI:10.1016/j.surfcoat.2025.131940,Mg,True,,14.374419460058313,0.0
41,15.379724502563477,16.02456345916986,3.265168046951294,,Mg,RF magnetron sputtering,Ar,1.45,DOI:10.1016/j.surfcoat.2025.131940,Mg,True,15.66869439293653,15.691906858939916,0.9347724536749493
42,15.893931007385254,16.446676940960124,3.0485342502593995,,Mg,RF magnetron sputtering,Ar,5.0,DOI:10.1007/s13391-017-7072-y,Zn,True,14.946676940960124,15.05778206623362,0.9259299164843361
43,5.144708251953125,7.622611509490605,0.8644776307046413,,Zn,RF magnetron sputtering,Ar,5.0,J.Semicond.44(6):062805 2023,Sn,True,6.122611509490605,7.622611508735196,5.036059279124338e-10
44,13.709567832946778,14.653527425326823,2.5329370720312,,Sn,RF magnetron sputtering+N₂,N2,5.0,J.Semicond.44(6):062805 2023,Sn,True,16.15352742532682,14.653527431812023,4.323466644661455e-09
45,15.385116577148438,16.028989827478675,2.622189186140895,,Sn,RF magnetron sputtering+air,air,5.0,J.Semicond.44(6):062805 2023,Sn,True,17.528989827478675,16.02898983442896,4.633523350365262e-09
46,12.247952461242676,13.453683495304913,2.810499599110335,,Sn,RF magnetron sputtering on SiC,Ar,5.0,ACS Omega 2024 review PMC,Al,True,14.953683495304913,13.453683503289302,5.322925244509946e-09
47,1.8435667037963868,4.91269566885394,0.5448319405317307,,Al,RF magnetron sputtering+O₂ ann.+post ann.,O2,0.0,DOI:10.1021/acs.jpcc.2c07278,—,True,,4.91269566885394,0.0
48,3.663467597961426,6.4066571332571955,1.7508147211745382,,undoped,RF magnetron sputtering,Ar,0.0,DOI:10.3390/cryst13101434,—,True,,6.4066571332571955,0.0
49,7.241459846496582,9.34384044713073,1.657893056049943,,undoped,RF magnetron sputtering,Ar,0.0,DOI:10.3390/cryst13101434,—,True,,9.34384044713073,0.0
50,7.382295227050781,9.45945258405925,1.5189180376008151,,undoped,RF magnetron sputtering (glancing angle),Ar,0.0,DOI:10.1021/acsaelm.3c00502,—,True,,9.45945258405925,0.0
51,7.644259071350097,9.674499397709873,1.3501277172006667,,undoped,RF magnetron sputtering+Ag₂O,Ar,0.0,DOI:10.1021/acsami.2c03193,—,True,,9.674499397709873,0.0
52,1.244107437133789,4.420597969059007,0.3793183538131416,,undoped,RF magnetron sputtering,Ar,0.0,DOI:10.1364/OE.531784,—,True,,4.420597969059007,0.0
53,10.218973350524902,11.788089169146703,1.4513012513518333,,undoped,RF magnetron sputtering,Ar,1.01,DOI:10.1016/j.surfcoat.2025.131940,Mg,True,,11.788089169146703,0.0
54,15.231203079223633,15.902641829360533,3.2515547275543213,,Mg,RF magnetron sputtering,Ar,0.0,Pearton APS Review 2018,—,True,14.402641829360533,15.902641818673512,7.124681376841025e-09
55,11.097006034851074,12.508868525360862,1.9260649578645823,,undoped,RF magnetron sputtering+O₂,O2,0.0,Fang 2020 ApplSurf ref,—,True,,12.508868525360862,0.0
56,-4.61219425201416,-0.3868555991864051,0.9783442481420934,,undoped,RF magnetron sputtering,Ar,0.0,DOI:10.1016/j.vacuum.2024.113564,—,True,,-0.3868555991864051,0.0
57,1.934024810791016,4.9869529684827985,0.5224791390821337,,undoped,RFMS+NiO sputtering,Ar,0.0,PMC:11997563 review,—,True,,4.9869529684827985,0.0
58,4.16197566986084,6.815883729880953,0.795441563706845,,undoped,RF magnetron sputtering,Ar:O2=1:1,,DOI:10.1016/j.jallcom.2025.179343,B,True,,6.815883729880953,0.0
59,0.0380651473999023,3.430554658964508,1.1547381390817464,,B,RF magnetron sputtering+air,air,0.0,Fang et al. 2020 ref,—,True,,3.430554658964508,0.0
60,0.3507291793823242,3.6872213909741056,0.9027204276993872,,undoped,RF magnetron co-sputtering,Ar:O2=1:1,,Liu et al. IEEE Sens.J. ref,Al+Ga+Zn,True,,3.6872213909741056,0.0
61,-1.026585578918457,2.556580057782557,0.9819973315112293,,Al,RF magnetron sputtering on 4H-SiC,Ar:O2=1:1,0.0,DOI:10.1007/s13391-021-00297-6,—,True,,2.556580057782557,0.0
62,3.1891098022460938,6.017255562319942,1.2982751875184475,,undoped,RF magnetron sputtering+AlN,Ar,0.0,DOI:10.3390/coatings15111312,—,True,,6.017255562319942,0.0
63,1.721690559387207,4.812647219094318,0.5503845684230327,,undoped,RF magnetron sputtering,Ar,1.01,DOI:10.1016/j.surfcoat.2025.131940,Mg,True,,4.812647219094318,0.0
64,15.173155593872073,15.85499049488469,2.9990628242492674,16.301029205322266,Mg,RF magnetron sputtering,Ar:O2=1:1,0.0,DOI:10.1016/j.vacuum.2017.09.007,—,True,,15.85499049488469,0.0
65,3.3376157760620115,6.1391645095741545,1.3874202938750386,,undoped,RF magnetron sputtering,Ar,0.0,DOI:10.1109/LED.2022.3173041,—,True,,6.1391645095741545,0.0
66,-1.612405014038086,2.075679331829157,0.0061877575702965,,undoped,RF magnetron sputtering,,5.0,10.1016/j.surfcoat.2018.12.130,V,True,,2.075679331829157,0.0
67,8.619604873657227,10.475163350228481,2.135419031046331,,V,RF magnetron sputtering,,4.92,10.1016/j.matlet.2017.08.052,Mg,True,,10.475163350228481,0.0
68,-0.1200448036193847,3.3007617813859333,0.2903318395838141,,Mg,RF magnetron sputtering,,6.88,10.1016/j.matlet.2017.08.052,Mg,True,1.8007617813859333,3.3007617813007286,5.680317950269522e-11
69,-0.0616323471069335,3.348712721654453,0.2094417164102196,,Mg,RF magnetron sputtering,,8.58,10.1016/j.matlet.2017.08.052,Mg,True,1.848712721654453,3.348712721594453,3.999999999840001e-11
70,-0.0652631759643554,3.3457321646283957,0.2676292199641466,,Mg,RF magnetron sputtering,O2_plasma,1.91,10.1016/j.mssp.2022.106471,Mg,True,4.845732164628396,3.345732164700796,4.826700711993202e-11
71,9.672323036193848,11.339342478196146,2.147822380065918,11.7347993850708,Mg,RF magnetron sputtering,O2_plasma,3.28,10.1016/j.mssp.2022.106471,Mg,True,,11.339342478196146,0.0
72,9.665263748168943,11.33354748995852,1.941863226890564,11.7347993850708,Mg,RF magnetron sputtering,O2_plasma,5.22,10.1016/j.mssp.2022.106471,Mg,True,,11.33354748995852,0.0
73,9.30818920135498,11.040424048693293,2.1771155834198,11.7347993850708,Mg,RF magnetron sputtering,O2_plasma,1.0,10.1016/j.mssp.2024.108361,Mg,True,,11.040424048693293,0.0
74,-6.583568954467774,-2.0051623140234,0.0060336811468005,,Mg,RF magnetron sputtering,O2_plasma,2.0,10.1016/j.mssp.2024.108361,Mg,True,-0.5051623140234001,-2.0051623139634,3.999999999840001e-11
75,-6.58488655090332,-2.006243932427266,0.0071488705463707,,Mg,RF magnetron sputtering,O2_plasma,3.0,10.1016/j.mssp.2024.108361,Mg,True,-0.5062439324272661,-2.0062439323672656,3.999999999840001e-11
76,-6.584930419921875,-2.0062799446207937,0.0069188570603728,,Mg,RF magnetron sputtering,,0.83,10.1088/1674-4926/37/4/042002,F,True,-0.5062799446207937,-2.006279944560794,3.999999999840001e-11
77,1.427969551086426,4.571530865399487,0.57613470479846,,F,RF magnetron sputtering,,1.25,10.1088/1674-4926/37/4/042002,F,True,,4.571530865399487,0.0
78,1.3868513107299805,4.537776792980734,0.437497366592288,,F,RF magnetron sputtering,,1.67,10.1088/1674-4926/37/4/042002,F,True,,4.537776792980734,0.0
79,1.2880931854248048,4.456705986336435,0.5082026988267898,,F,RF magnetron sputtering,,2.5,10.1088/1674-4926/37/4/042002,F,True,,4.456705986336435,0.0
80,1.4279300689697263,4.571498454425312,0.6139999483712018,,F,RF magnetron sputtering,,5.0,10.1063/1.4803802,W,True,,4.571498454425312,0.0
81,9.22568645477295,10.972697325498551,1.6828750111162665,,W,RF magnetron sputtering,,11.0,10.1063/1.4803802,W,True,12.472697325498551,10.972697328361267,1.9084774657950527e-09
82,9.788324928283693,11.434568738667656,1.8661658391356468,,W,RF magnetron sputtering,,1.5,10.1016/j.optmat.2019.109223,Ti,True,12.934568738667656,11.434568742187917,2.346841629587987e-09
83,1.4971101760864258,4.628288587595204,1.4102382443845272,,Ti,RF magnetron sputtering,,5.0,10.1016/j.optmat.2019.109223,Ti,True,6.128288587595204,4.628288589605498,1.3401959144654005e-09
84,1.6984170913696288,4.793541967554104,1.599991804920137,,Ti,RF magnetron sputtering,Ar,10.0,10.1007/s11082-022-03851-0,Al,True,6.293541967554104,4.793541970141781,1.7251180911897201e-09
85,-1.4738876342773437,2.1893886157666227,1.5497110434807837,,Al,RF magnetron sputtering,,0.5,10.1016/j.optmat.2022.112491,Ta,True,,2.1893886157666227,0.0
86,3.498913192749024,6.271573986162026,0.8071230764500796,,Ta,RF magnetron sputtering,,1.0,10.1016/j.optmat.2022.112491,Ta,True,7.771573986162026,6.271573986820523,4.3899830409271354e-10
87,3.961269760131836,6.651123716973382,0.7604087946470827,,Ta,RF magnetron sputtering,,1.3,10.1016/j.optmat.2022.112491,Ta,True,8.151123716973382,6.65112371755786,3.896525977964593e-10
88,4.019939804077149,6.699286111447812,0.8836201249621809,,Ta,RF magnetron sputtering,,1.5,10.1016/j.optmat.2022.112491,Ta,True,8.199286111447812,6.699286112237046,5.261559802491613e-10
89,3.8867605209350575,6.5899588851636475,0.809704958088696,,Ta,RF magnetron sputtering,,0.139,10.1007/s40843-025-3509-0,Sn,True,8.089958885163647,6.5899588858263645,4.4181139309858035e-10
90,-0.283062744140625,3.1669399222253825,0.0062253697775304,,Sn,RF magnetron sputtering,,0.199,10.1007/s40843-025-3509-0,Sn,True,1.6669399222253825,3.1669399221653824,3.999999999840001e-11
91,-0.2821435928344726,3.167694455967165,0.0050817883573472,,Sn,RF magnetron sputtering,,1.0,10.1007/s40843-025-3509-0,Sn,True,1.667694455967165,3.167694455907165,3.999999999840001e-11
92,-0.2815078735351562,3.1682163196238076,0.0057472019456326,,Sn,RF magnetron sputtering,,1.14,10.1007/s40843-025-3509-0,Sn,True,1.6682163196238076,3.1682163195638076,3.999999999840001e-11
93,-0.2801774978637695,3.1693084285362234,0.0063890230841934,,Sn,RF magnetron sputtering,,1.39,10.1007/s40843-025-3509-0,Sn,True,1.6693084285362234,3.1693084284762234,3.999999999840001e-11
94,-0.2802610397338867,3.169239848793766,0.0066961280070245,,Sn,RF magnetron sputtering,N2,5.0,10.1088/1674-4926/44/6/062805,Sn,True,4.669239848793766,3.1692398488537665,3.999999999840001e-11
95,12.43995704650879,13.611300567913643,1.6803905539214612,,Sn,RF magnetron sputtering,,0.3,10.1364/OME.8.003506,Sn,True,12.111300567913643,13.611300565059373,1.9028465894324948e-09
96,5.108140754699707,7.59259315413871,0.4061358724720776,,Sn,RF magnetron sputtering,,0.5,10.1364/OME.8.003506,Sn,True,6.09259315413871,7.592593153971977,1.1115423535806397e-10
97,5.024161529541016,7.523654385769628,0.5148730220273137,,Sn,RF magnetron sputtering,,0.7,10.1364/OME.8.003506,Sn,True,6.023654385769628,7.523654385501666,1.7864200603188587e-10
98,5.016958618164063,7.517741496741889,0.4381817898713052,,Sn,RF magnetron sputtering,,0.9,10.1364/OME.8.003506,Sn,True,6.017741496741889,7.517741496547808,1.2938739343178892e-10
99,4.992168235778808,7.49739100617939,0.3512436331715435,,Sn,RF magnetron sputtering,,1.2,10.1364/OME.8.003506,Sn,True,5.99739100617939,7.4973910060546824,8.313812684232465e-11
100,5.247892379760742,7.707315633312341,0.5353890628553927,,Sn,RF magnetron sputtering,,1.5,10.1364/OME.8.003506,Sn,True,6.207315633312341,7.707315633022597,1.9316227148025626e-10
101,5.199180984497071,7.667328319918207,0.3425419449806213,,Sn,RF magnetron sputtering,N2,0.82,10.1016/j.mssp.2020.105430,Sn,True,6.167328319918207,7.667328319799602,7.906983501014151e-11
102,-6.148719882965088,-1.6481935594393193,0.5885854558087885,,Sn,RF magnetron sputtering,N2,1.0,10.1016/j.mssp.2020.105430,Sn,True,-3.1481935594393193,-1.6481935597895012,2.3345456274458186e-10
103,-5.90520076751709,-1.4482880725574137,0.5264328144490719,,Sn,RF magnetron sputtering,,7.0,10.1016/j.mtphys.2020.100263,Zn,True,0.05171192744258635,-1.4482880722772833,1.8675370176225075e-10
104,14.792823600769044,15.542774954358624,2.2640756368637085,,Zn,RF magnetron sputtering,,0.69,10.1007/s13391-017-7072-y,Zn,True,14.042774954358624,14.845096483302534,0.46511898070406055
105,-1.6457414627075195,2.0483133528179533,0.3260037423111498,,Zn,RF magnetron sputtering,,0.88,10.1007/s13391-017-7072-y,Zn,True,3.5483133528179533,2.0483133529253816,7.161903828251574e-11
106,-1.8033615112304688,1.9189226374962303,0.357583873718977,,Zn,RF magnetron sputtering,,0.96,10.1007/s13391-017-7072-y,Zn,True,3.4189226374962303,1.9189226376254802,8.616664102334802e-11
107,-1.7011215209960937,2.002851716283347,0.461760236788541,,Zn,RF magnetron sputtering,,1.83,10.1007/s13391-017-7072-y,Zn,True,3.502851716283347,2.002851716498877,1.43686636300406e-10
108,-1.7667692184448245,1.9489613475662064,0.3669265814125538,,Zn,RF magnetron sputtering,,2.49,10.1007/s13391-017-7072-y,Zn,True,0.4489613475662064,1.9489613474301142,9.072806805638801e-11
109,-1.5743349075317383,2.106931183096753,0.368809968046844,,Zn,RF magnetron sputtering,,3.03,10.1007/s13391-017-7072-y,Zn,True,0.6069311830967532,2.1069311829592605,9.166184926312362e-11
110,-1.778340721130371,1.9394622703621278,0.3761832389049232,,Zn,RF magnetron sputtering,,13.8,10.1016/j.physb.2011.08.061,Si,True,0.4394622703621278,1.9394622702190825,9.536350319989137e-11
111,-2.0644725799560546,1.704575869572834,0.0088785530999302,,Si,RF magnetron sputtering,,4.92,10.1016/j.matlet.2017.08.052,Mg,True,3.204575869572834,1.7045758696328337,3.999999999840001e-11
112,0.3649892807006836,3.698927545917169,0.2966804618481546,,Mg,RF magnetron sputtering,,6.88,10.1016/j.matlet.2017.08.052,Mg,True,2.198927545917169,3.698927545828197,5.93145454669498e-11
113,0.4897087097167968,3.801310055541648,0.481313575617969,,Mg,RF magnetron sputtering,,8.58,10.1016/j.matlet.2017.08.052,Mg,True,2.301310055541648,3.8013100553074786,1.5611316780343814e-10
114,0.3037872314453125,3.6486866215771743,0.3135139587335288,,Mg,RF magnetron sputtering,O2_plasma,1.91,10.1016/j.mssp.2022.106471,Mg,True,5.148686621577174,3.6486866216765286,6.623645452471776e-11
115,9.994825172424315,11.604085336041214,1.9842930555343627,11.7347993850708,Mg,RF magnetron sputtering,O2_plasma,3.28,10.1016/j.mssp.2022.106471,Mg,True,,11.604085336041214,0.0
116,9.81798152923584,11.458913920940903,1.6467374682426452,11.7347993850708,Mg,RF magnetron sputtering,O2_plasma,5.22,10.1016/j.mssp.2022.106471,Mg,True,,11.458913920940903,0.0
117,10.222069931030273,11.790631160285495,1.96150963306427,11.7347993850708,Mg,RF magnetron sputtering,O2_plasma,1.0,10.1016/j.mssp.2024.108361,Mg,True,,11.790631160285495,0.0
118,-6.060171890258789,-1.5755042776890815,0.0067158565856516,,Mg,RF magnetron sputtering,O2_plasma,2.0,10.1016/j.mssp.2024.108361,Mg,True,-0.07550427768908152,-1.5755042776290813,3.999999999840001e-11
119,-6.0602165222167965,-1.5755409161816272,0.0064569775946438,,Mg,RF magnetron sputtering,O2_plasma,3.0,10.1016/j.mssp.2024.108361,Mg,True,-0.07554091618162717,-1.575540916121627,3.999999999840001e-11
120,-6.059105682373047,-1.5746290248116046,0.0071017843671143,,Mg,RF magnetron sputtering,,5.0,10.1088/1674-4926/37/4/042002,F,True,-0.0746290248116046,-1.5746290247516044,3.999999999840001e-11
121,1.209925651550293,4.392538050736,0.3676314036361873,,F,RF magnetron sputtering,,5.0,10.1063/1.4803802,W,True,,4.392538050736,0.0
122,2.0790886878967285,5.1060362894305005,2.0863358959555627,,W,RF magnetron sputtering,,11.0,10.1063/1.4803802,W,True,6.6060362894305005,5.106036293830402,2.9332681943695296e-09
123,2.7946949005126958,5.693479324797715,2.032890452444553,,W,RF magnetron sputtering,N2,0.2,,Ta,True,7.193479324797715,5.69347932897508,2.7849106440795473e-09
124,4.163819885253906,6.817397651181906,0.6126289571635425,,Ta,RF magnetron sputtering,N2,0.5,,Ta,True,8.317397651181906,6.817397651561282,2.529171942770474e-10
125,4.038432312011719,6.7144666601925245,0.5869457264430821,,Ta,RF magnetron sputtering,N2,1.0,,Ta,True,8.214466660192524,6.714466660540758,2.321556210962877e-10
126,4.245191383361816,6.8841957295078995,0.5052320112474262,,Ta,RF magnetron sputtering,N2,1.4,,Ta,True,8.3841957295079,6.8841957297659215,1.720144902187609e-10
127,4.28892822265625,6.920099416730746,0.6122350656427443,,Ta,RF magnetron sputtering,N2,1.5,,Ta,True,8.420099416730746,6.9200994171096335,2.525920711793009e-10
128,4.267831039428711,6.9027806831390155,0.6425602533854544,,Ta,RF magnetron sputtering,N2,1.53,,Ta,True,8.402780683139015,6.902780683556366,2.782345320716235e-10
129,4.327914428710938,6.9521032965440535,0.7721787206828594,,Ta,RF magnetron sputtering,N2,1.79,,Ta,True,8.452103296544053,6.952103297146767,4.0180836377911635e-10
130,4.478020477294922,7.0753257494135,0.5409151807427406,,Ta,RF magnetron sputtering,,10.0,10.1016/j.mssp.2021.106040,Ta,True,8.5753257494135,7.075325749709256,1.9717037114150611e-10
131,13.956427383422852,14.856175084171108,3.2754396915435797,,Ta,RF magnetron sputtering,,0.5,10.1016/j.optmat.2022.112491,Ta,True,16.356175084171106,14.856175095015715,7.2297374442880556e-09
132,4.814944076538086,7.351907224443913,0.5700726031325758,,Ta,RF magnetron sputtering,,1.0,10.1016/j.optmat.2022.112491,Ta,True,8.851907224443913,7.351907224772412,2.1899976745737574e-10
133,4.938305854797363,7.453175234966087,0.6854945910163224,,Ta,RF magnetron sputtering,,1.3,10.1016/j.optmat.2022.112491,Ta,True,8.953175234966087,7.4531752354410745,3.1665866634075324e-10
134,5.1000621795654295,7.585961430413208,0.8971794533543289,,Ta,RF magnetron sputtering,,1.5,10.1016/j.optmat.2022.112491,Ta,True,9.085961430413208,7.58596143122685,5.424278154303139e-10
135,5.158520698547363,7.633950183484933,0.8156494786962867,,Ta,RF magnetron sputtering,,0.3,10.1364/OME.8.003506,Sn,True,9.133950183484933,7.633950184157414,4.4832240113761245e-10
136,-1.801522636413574,1.920432174704059,0.4373353246599435,,Sn,RF magnetron sputtering,,0.5,10.1364/OME.8.003506,Sn,True,0.4204321747040589,1.920432174510727,1.2888798362330234e-10
137,-1.9037343978881835,1.8365262689806034,0.4497547497041523,,Sn,RF magnetron sputtering,,0.7,10.1364/OME.8.003506,Sn,True,0.33652626898060345,1.836526268776135,1.363122325429276e-10
138,-1.4555438995361327,2.2044470362028505,0.5829726059921085,,Sn,RF magnetron sputtering,,0.9,10.1364/OME.8.003506,Sn,True,0.7044470362028505,2.204447035859315,2.290232688701938e-10
139,-1.66527156829834,2.0322810374089326,0.3667315099388361,,Sn,RF magnetron sputtering,,1.2,10.1364/OME.8.003506,Sn,True,0.5322810374089326,2.032281037272985,9.063162503880859e-11
140,-1.7580032348632812,1.9561573667068122,0.4266265745274722,,Sn,RF magnetron sputtering,,1.5,10.1364/OME.8.003506,Sn,True,0.4561573667068122,1.9561573665228325,1.2265326742231922e-10
141,-1.7199390411376954,1.9874043641570198,0.3669156114570796,,Sn,RF magnetron sputtering,N2,0.82,10.1016/j.mssp.2020.105430,Sn,True,0.4874043641570198,1.9874043640209358,9.072264316738163e-11
142,2.81771240234375,5.712374453017432,0.4153913863003254,,Sn,RF magnetron sputtering,N2,1.0,10.1016/j.mssp.2020.105430,Sn,True,4.212374453017432,5.712374452843014,1.1627819648126685e-10
143,2.847093772888184,5.7364936979199825,0.5021140964701771,,Sn,RF magnetron sputtering,,7.0,10.1016/j.mtphys.2020.100263,Zn,True,7.2364936979199825,5.736493698174829,1.6989795126033345e-10
144,14.406620597839355,15.22573988631527,2.04952130317688,14.748188018798828,Zn,RF magnetron sputtering,,0.69,10.1007/s13391-017-7072-y,Zn,True,,15.22573988631527,0.0
145,-2.370867729187012,1.4530552800183432,0.2148861286230385,,Zn,RF magnetron sputtering,,0.88,10.1007/s13391-017-7072-y,Zn,True,2.953055280018343,1.4530552800783432,3.999999999840001e-11
146,-2.44805793762207,1.3896896334598035,0.255491847358644,,Zn,RF magnetron sputtering,,0.96,10.1007/s13391-017-7072-y,Zn,True,2.8896896334598035,1.389689633525786,4.398832316129917e-11
147,-2.3688427925109865,1.4547175558991554,0.2337922137230634,,Zn,RF magnetron sputtering,,1.83,10.1007/s13391-017-7072-y,Zn,True,2.9547175558991556,1.4547175559591554,3.999999999840001e-11
148,-2.182119941711426,1.6079988386945276,0.2370632437057793,,Zn,RF magnetron sputtering,,2.49,10.1007/s13391-017-7072-y,Zn,True,0.10799883869452764,1.6079988386345274,3.999999999840001e-11
149,-2.193049049377441,1.5990271052634981,0.2368238307535648,,Zn,RF magnetron sputtering,,3.03,10.1007/s13391-017-7072-y,Zn,True,0.09902710526349812,1.5990271052034981,3.999999999840001e-11
150,-2.0944133758544923,1.6799973909154282,0.3523466360755264,,Zn,RF magnetron sputtering,,13.8,10.1016/j.physb.2011.08.061,Si,True,0.1799973909154282,1.6799973907899366,8.366110047624153e-11
151,-6.3373970031738285,-1.8030791071689731,0.0094498702324926,,Si,RF magnetron co-sputtering,Ar,0.0,DOI:10.3390/ma17133227,—,True,-0.3030791071689731,-1.8030791071089731,3.999999999840001e-11
152,14.644067192077635,15.420660424451793,2.705905723571777,,undoped,RF magnetron co-sputtering,Ar,2.1,DOI:10.3390/ma17133227,Sn,True,,15.420660424451793,0.0
153,15.81992835998535,16.385927971698255,2.68104248046875,16.301029205322266,Sn,RF magnetron co-sputtering,Ar,3.6,DOI:10.3390/ma17133227,Sn,True,,16.385927971698255,0.0
154,15.840439414978029,16.402765551069507,2.964320945739746,16.698970794677734,Sn,RF magnetron co-sputtering,Ar,4.1,DOI:10.3390/ma17133227,Sn,True,,16.402765551069507,0.0
155,16.12700710296631,16.63800972517276,3.06530704498291,17.0,Sn,RF magnetron co-sputtering,Ar,0.0,DOI:10.3390/ma17133227,—,True,,16.63800972517276,0.0
156,14.837299156188966,15.579285055605528,2.735181760787964,,undoped,RF magnetron co-sputtering,Ar,2.1,DOI:10.3390/ma17133227,Sn,True,,15.579285055605528,0.0
157,15.997236251831056,16.531480489750948,3.200039005279541,16.301029205322266,Sn,RF magnetron co-sputtering,Ar,3.6,DOI:10.3390/ma17133227,Sn,True,,16.531480489750948,0.0
158,16.2668550491333,16.7528112745974,2.8568767070770265,16.698970794677734,Sn,RF magnetron co-sputtering,Ar,4.1,DOI:10.3390/ma17133227,Sn,True,,16.7528112745974,0.0
159,16.296373748779295,16.777043253323164,3.0302484035491943,17.0,Sn,RF magnetron sputtering,O2_plasma,2.7375,10.1016/j.mssp.2022.106471,Mg,True,,16.777043253323164,0.0
160,9.461057090759278,11.16591370400744,2.0895983457565306,11.781827926635742,Mg,RF magnetron sputtering,O2_plasma,3.5649999999999995,10.1016/j.mssp.2022.106471,Mg,True,,11.16591370400744,0.0
161,9.54098415374756,11.231526041717848,2.0791032314300537,11.637248039245604,Mg,RF magnetron sputtering,O2_plasma,4.3925,10.1016/j.mssp.2022.106471,Mg,True,,11.231526041717848,0.0
162,9.400993156433106,11.11660706122736,1.7785446405410767,11.66969108581543,Mg,RF magnetron sputtering,Ar,5.835,DOI:10.1016/j.matlet.2017.08.032,Mg,True,,11.11660706122736,0.0
163,14.450386810302737,15.261667686050309,2.8118778228759767,14.539426803588867,Mg,RF magnetron sputtering,Ar,6.75,DOI:10.1016/j.matlet.2017.08.032,Mg,True,,15.261667686050309,0.0
164,14.090884971618651,14.966551674459716,2.599232721328735,14.497236251831056,Mg,RF magnetron sputtering,Ar,7.665,DOI:10.1016/j.matlet.2017.08.032,Mg,True,,14.966551674459716,0.0
165,13.555238342285156,14.526837937669185,2.650979423522949,14.34045124053955,Mg,RF magnetron sputtering,Ar,0.905,DOI:10.1016/j.surfcoat.2025.131940,Mg,True,,14.526837937669185,0.0
166,14.846123695373535,15.586529143195754,2.676836371421814,16.3971004486084,Mg,RF magnetron sputtering,Ar,1.33,DOI:10.1016/j.surfcoat.2025.131940,Mg,True,,15.586529143195754,0.0
167,15.096264839172363,15.791870670690665,3.1437565803527834,16.221872329711914,Mg,RF magnetron sputtering,Ar,1.755,DOI:10.1016/j.surfcoat.2025.131940,Mg,True,,15.791870670690665,0.0
168,16.321453857421876,16.7976315809377,2.71446852684021,16.094867706298828,Mg,RF magnetron co-sputtering,Ar,2.6,DOI:10.3390/ma17133227,Sn,True,,16.7976315809377,0.0
169,15.67278594970703,16.265138377363737,3.313617467880249,16.51854705810547,Sn,RF magnetron co-sputtering,Ar,3.1,DOI:10.3390/ma17133227,Sn,True,,16.265138377363737,0.0
170,15.60948657989502,16.21317575702361,3.160716676712036,16.691204071044922,Sn,RF magnetron co-sputtering,Ar,3.6,DOI:10.3390/ma17133227,Sn,True,,16.21317575702361,0.0
